SCQ_1,SCQ_2i,SCQ_3,SCQ_4,SCQ_5,SCQ_6,SCQ_7,SCQ_8,SCQ_9,SCQ_10,SCQ_11,SCQ_12,SCQ_13,SCQ_14,SCQ_15,SCQ_16,SCQ_17,SCQ_18,SCQ_19i,SCQ_20,SCQ_21,SCQ_22i,SCQ_23,SCQ_24,SCQ_25,SCQ_26,SCQ_27,SCQ_28,SCQ_29,SCQ_30,SCQ_31,SCQ_32,SCQ_33,SCQ_34,SCQ_35,SCQ_36,SCQ_37i,SCQ_38,SCQ_39,SCQ_40,SCQ_41i,SCQ_42,SCQ_43,SCQ_44,SCQ_45,SCQ_46,SCQ_47,SCQ_48,SCQ_49
3,5,3,3,3,4,3,3,3,3,4,3,3,3,3,2,5,3,3,5,3,3,3,3,3,3,4,3,3,4,4,3,3,4,4,3,3,3,4,2,4,1,3,3.721765746,4,3,4,3,3
4,2,4,4,4,4,4,4,4,4,4,4,4,4,4,4,4,4,2,4,4,4,4,4,4,4,4,4,4,4,4,4,4,4,4,4,2,4,4,4,4,3,4,3,4,3,4,4,4
4,5,4,4,4,4,3,4,3,5,5,4,4,3,4,3,3,4,2,3,4,5,4,4,3,3,3,4,4,4,3,4,5,4,4,3,4,4,4,4,4,3,5,3,4,2,2,3,4
4,2,4,4,4,4,4,4,4,4,5,5,5,3,4,4,5,3,3,4,4,2,4,3,4,4,5,4,4,5,5,2,3,5,4,4,2,3,3,4,3,5,4,5,4,4,4,5,4
5,1,5,4,4,5,4,5,5,4,5,5,5,5,5,4,5,5,4,5,5,4,5,5,5,5,5,5,5,5,5,5,4,5,5,3,4,5,4,5,4,2,4,4,5,4,2,5,5
4,3,4,5,4,5,5,5,4,4,5,5,5,5,4,5,4,4,4,3,5,4,4,3,4,5,4,4,4,4,3,4,3,3,4,3,2,4,3,4,4,4,5,3,5,3,2,4,4
5,5,5,5,4,5,4,5,5,5,5,5,5,5,5,4,5,4,5,5,5,5,5,5,4,3,4,5,5,5,4,4,4,3,4,3,4,4,3,4,5,1,5,2,5,2,5,4,4
3,4,4,4,4,3,3,5,4,3,4,4,3,4,4,3,4,3,4,3,4,3,4,4,4,3,4,4,4,5,3,4,3,2,3,3,3,3,2,3,3,1,3,2,4,2,2,3,4
4,5,4,5,4,4,5,5,4,4,5,5,4,5,4,3,4,4,5,3,4,5,5,5,4,4,4,5,4,4,4,2,3,3,4,4,5,5,5,4,4,1,4,3,4,3,5,4,4
5,5,4,4,4,4,4,4,4,4,4,4,4,4,4,4,4,4,4,4,5,5,4,5,5,4,4,4,4,5,4,4,3,4,5,4,4,4,4,3,4,3,4,4,4,3,4,3,4
4,4,4,4,4,4,4,4,4,4,4,4,5,4,4,3,4,5,4,2,5,4,4,4,3,2,3,4,4,4,3,3,4,5,3,4,4,4,4,3,4,1,4,4,4,2,1,4,5
5,4,4,4,4,4,4,4,3,4,4,4,4,4,4,4,4,4,4,4,4,4,4,4,4,4,4,4,4,4,4,4,4,4,4,4,4,4,4,3,3,3,4,4,4,3,2,3,4
5,4,4,5,4,5,4,4,4,5,5,4,5,5,5,4,5,4,5,4,4,4,4,4,4,4,5,4,4,5,4,3,4,5,4,2,4,5,5,5,4,2,4,3,5,2,5,5,4
4,4,3,4,4,4,4,4,4,5,4,4,5,5,4,5,4,4,4,4,5,2,4,4,3,4,5,5,4,5,4,4,3,4,4,2,3,4,4,4,3,4,5,4,4,1,2,2,1
5,5,5,4,4,5,5,5,4,5,5,5,5,5,5,4,5,5,5,5,5,4,5,5,4,4,4,5,4,5,4,5,4,4,4,3,4,5,4,4,3,1,4,2,4,2,2,3,3
4,4,4,4,4,5,4,5,4,4,4,5,4,4,4,4,4,4,4,3,4,4,5,4,4,4,3,5,4,4,3,5,3,2,4,4,4,5,4,4,3,1,4,4,4,4,3,3,4
5,5,4,5,5,5,3,5,4,5,5,5,4,5,5,4,5,5,5,5,5,5,5,5,5,4,5,5,5,5,5,5,2,3,5,3,3,5,4,5,2,1,3,2,4,3,1,5,5
4,5,5,5,5,5,4,4,4,4,5,4,4,5,4,5,4,4,5,4,5,5,4,4,5,4,4,4,5,4,4,4,4,4,4,2,5,5,4,4,4,2,4,3,4,2,2,4,4
3,3,3,3,3,3,3,3,3,3,3,2,3,3,3,3,3,3,3,2,3,3,2,2,2,2,3,4,3,3,3,3,4,4,3,3,2,4,2,4,3,3,4,1,4,2,2,3,4
3,4,5,4,5,4,4,5,4,4,4,4,4,4,4,4,4,4,5,4,4,4,3,4,3,3,4,4,4,4,3,3,5,3,4,2,3,5,4,5,2,1,4,2,4,1,4,3,2
4,4,4,4,4,4,4,4,4,4,4,4,4,4,4,4,4,4,4,3,4,3,4,3,3,3,4,4,4,4,3,3,4,3,3,3,3,4,3,3,3,2,3,2,3,2,3,3,3
5,4,5,3.983275202,4,5,3,5,4,5,5.36374333,5,4,5,5,5,5,4,4,3,6.186966274,3,5,3,5,3,5,5.409741215,5,4.458546221,4,5,4,3,4,4,1,4,4,5,2,1,5,2,5,2,5,3,4
4,4,5,4,5,5,4,5,3,4,4,5,4,5,5,3,4,5,4,5,5,4,5,4,4,3,4,5,5,4,3,4,4,5,4,2,4,5,4,3,4,1,4,2,4,1,5,4,4
2,4,4,2,4,4,4,4,4,4,4,4,4,4,4,4,4,4,2,2,4,2,4,4,4,4,3,4,4,4,4,4,4,4,4,2,2,4,4,2,2,3,3,3,4,2,2,4,3
2,4,2,3,2,4,4,4,4,3,4,4,4,4,3,4,4,3,3,3,1,2,4,3,3,1,3,3,2,4,2,3,3,3,2,3,2,3,2,3,3,2,4,2,4,2,2,3,3
4,4,4,4,4,4,4,4,4,4,4,4,4,4,4,4,4,4,4,4,4,4,4,4,4,4,4,4,4,4,4,4,4,4,4,3,2,4,4,4,3,3,4,3,4,3,3,4,4
5,5,5,5,5,5,5,5,5,5,5,5,5,5,5,5,5,5,5,5,5,5,5,5,5,5,5,5,5,5,5,5,5,3,4,1,5,5,5,5,4,1,5,2,5,2,3,4,3
3,5,5,5,5,5,5,5,5,4,5,5,5,5,5,4,5,4,5,4,5,5,5,3,5,4,5,5,4,5,4,5,3,4,5,5,5,5,5,4,5,1,3,4,5,3,4,5,5
4,4,4,3,3,4,3,4,4,3,5,5,4,5,4,4,4,5,3,2,3,4,3,4,4,3,5,3,4,5,2,3,4,4,4,2,3,4,4,4,4,2,4,2,5,2,4,3,4
4,5,4,4,4,4,4,4,4,3,4,4,4,4,4,3,4,4,5,4,4,4,4,4,4,3,3,5,4,4,2,4,4,2,5,2,4,4,2,4,4,2,4,3,4,2,2,4,3
5,4,4,3,4,4,3,4,4,4,4,4,3,4,4,4,3,4,4,4,3,4,5,3,4,3,4,4,4,5,2,4,5,2,3,3,3,4,3,4,2,1,3,1,3,1,2,3,4
3,4,3,4,4,4,3,5,4,3,5,5,5,4,4,4,5,5,3,3,4,4,4,4,4,3,4,4,3,5,4,5,4,2,4,2,5,2,4,4,4,4,4,2,4,2,1,4,4
5,3,5,4,3,5,5,5,3,5,5,5,4,5,4,5,4,5,1,5,5,3,5,4,4,3,4,4,5,4,4,5,4,5,5,3,2,5,4,4,1,4,4,3,5,5,3,5,4
5,5,5,4,5,5,4,5,5,5,5,4,5,4,5,4,5,5,5,4,5,5,5,5,3,4,5,5,5,5,4,5,5,4,4,5,4,5,4,4,3,1,5,2,5,2,2,5,5
5,3,3,3,4,3,3,3,4,3,4,3,3,3,4,3,3,4,3,3,4,2,3,4,4,4,3,3,3,3,3,3,4,4,4,3,3,3,3,3,4,1,3,2,4,4,1,3,4
4,4,4,4,4,4,4,4,4,5,4,4,4,4,4,3,4,4,4,3,4,4,4,3,3,3,4,4,4,4,3,3,5,3,3,4,4,3,3,3,3,2,3,3,4,3,2,4,4
3,4,4,4,4,4,3,4,3,4,4,5,4,4,4,4,3,3,4,2,4,4,4,3,4,3,4,5,4,4,4,4,1,3,3,1,3,3,2,3,3,1,3,1,4,1,1,3,4
4,4,4,4,4,5,4,4,3,5,5,4,5,4,4,3,5,4,5,4,5,4,5,5,4,3,3,5,5,5,4,4,5,3,5,3,4,5,5,4,4,0.65648387,4,4,5,4,3,4,4
4,3,4,5,4,4,4,3,5,5,4,3,4,3,4,3,4,4,4,3,4,4,4,3,4,3,5,5,4,5,2,4,2,4,3,4,4,4,3,4,3,1,5,3,5,2,5,3,4
4,4,4,4,4,4,3,4,4,3,4,4,4,4,4,3,3,4,4,3,4,4,4,4,4,4,4,4,4,4,4,3,3,4,4,3,4,4,2,4,3,1,4,2,4,2,4,3,2
4,5,5,5,4,5,5,5,5,5,5,5,5,5,5,3,5,5,4,4,5,2,5,5,4,3,5,5,5,5,3,3,4,4,4,3,2,5,3,5,4,2,5,3,5,2,3,4,3
2,5,4,3,3,5,4,3,4,4,4,4,4,4,4,3,3,5,4,4,5,5,4,4,5,3,3,4,5,4,3,2,4,3,4,3,4,4,5,4,4,1,4,2,4,1,4,4,4
2,4,4,4,4,4,4,4,3,2,4,4,4,2,4,2,2,4,5,4,5,4,4,4,4,2,4,4,4,4,2,3,1,4,4,3,4,5,4,4,4,2,4,2,4,1,2,2,2
3,5,5,5,3,5,5,5,5,4,4,4,4,5,5,3,4,4,5,5,5,4,5,4,5,5,3,5,5,5,5,4,1,3,4,1,4,5,4,5,4,1,4,1,4,1,1,4,4
5,1,5,5,5,5,4,5,5,3,5,5,5,4,5,5,5,5,5,4,5,5,5,3,5,5,4,5,5,5,5,4,5,3,5,5,4,5,5,4,3,3,5,4,5,3,3,4,4
4,4,4,5,5,5,3,5,4,4,5,5,4,4,4,4,5,5,4,3,4,4,5,4,5,4,4,5,4,4,3,2,4,3,3,3,3,5,5,5,2,3,3,4,4,1,3,3,3
3,5,5,5,5,4,4,5,3,5,5,5,5,4,4,4,3,4,4,3,4,4,5,5,3,3,4,4,4,4,3,3,5,3,4,1,3,5,4,4,3,1,3,2,5,2,1,3,3
4,5,4,4,4,5,5,5,4,5,4,5,5,4,4,4,4,4,5,4,4,5,4,5,4,5,4,5,5,4,3,3,3,4,5,3,4,4,4,4,4,1,4,4,5,3,1,3,4
3,4,4,3,4,4,4,5,4,5,4,4,4,4,4,4,4,4,3,4,4,4,4,4,4,4,4,5,4,4,4,3,5,3,4,3,4,4,3,3,2,4,3,1,4,1,3,3,2
4,4,3,4,3,4,3,4,4,4,4,4,4,4,4,4,4,4,4,4,5,4,5,4,4,4,4,5,5,4,4,4,3,5,4,3,4,4,3,4,4,3,4,3,4,4,3,3,4
3,5,5,5,5,5,5,5,4,5,4,5,5,5,5,4,5,5,5,3,4,4,5,5,5,4,4,5,5,5,2,4,5,5,5,5,1,5,5,5,3,3,5,2,5,3,4,4,5
4,4,4,4,4,3,4,4,3,4,4,2,4,4,4,3,3,3,4,2,4,5,4,2,3,2,4,4,3,4,2,4,4,3,3,2,4,4,2,4,3,1,2,2,3,2,2,4,2
4,5,4,5,4,4,5,5,4,4,5,5,5,4,5,5,5,4,4,4,4,4,4,3,4,3,4,4,5,5,4,5,3,3,3,2,3,4,2,4,4,1,4,2,4,2,2,4,2
4,5,4,3,4,3,3,4,3,4,3,4,3,3,4,4,3,4,5,5,5,4,5,5,4,4,5,5,5,4,2,4,5,4,5,5,3,5,4,4,3,3,4,4,5,4,5,2,4
4,4,5,4,5,4,2,3,4,5,3,3,3,4,4,3,4,5,5,4,4,4,4,3,5,2,3,4.941481418,5,5,3,3,5,3,4,2,3,4,5,3,2,1,4,2,5,2,1,2,4
4,4,4,4,4,4,4,5,4,4,4,5,4,3,5,3,4,4,4,4,5,5,5,4,4,4,3,5,4,4,4,4,2,2,4,4,3,5,4,4,4,2,4,2,4,2,2,3,3
5,5,5,5,4,3,4,5,5,5,5,5,5,5,5,5,5,5,5,5,5,5,5,5,4,5,5,5,5,5,5,5,5,4,5,3,5,5,5,5,5,4,5,5,5,5,4,4,5
2,1,3,3,5,3,2,3,4,3,4,3,3,4,4,3,3,4,2,3,3,1,3,3,2,2,3,4,4,4,3,3,3,2,3,1,3,3,2,4,3,2,2,4,3,1,4,3,3
2,5,4,5,5,5,5,5,5,5,5,5,5,5,5,5,5,4,5,4,4,4,3,5,5,4,5,5,5,5,5,4,4,3,4,2,4,5,1,5,2,1,4,1,5,1,5,1,4
5,4,5,4,4,3,3,4,3,3,4,4,4,4,4,3,2,4,4,5,5,4,4,3,5,3,3,4,4,4,4,4,5,4,4,3,3,4,4,2,2,2,4,2,4,2,5,4,4
1,5,5,5,3,4,4,4,4,4,5,5,4,4,4,3,4,4,3,4,4,1,4,4,4,3,4,5,4,5,4,5,1,2,3,2,2,5,2,5,2,0.401476635,5,1,5,1,2,2,2
3,4,4,4,4,4,4,4,4,4,4,4,4,4,4,4,4,4,4,3,4,4,4,3,3,3,4,4,4,5,4,4,4,3,4,3,3,4,3,3,3,2,4,2,4,2,2,4,3
4,4,4,4,4,4,4,4,4,4,4,4,4,4,4,4,3,4,4,4,4,3,4,4,4,4,4,4,4,4,4,4,4,4,4,3,2,4,4,3,4,2,4,3,4,3,4,4,4
3,4,5,5,5,4,3,3,4,3,3,4,4,5,4,3,3,4,4,4,3,3,4,3,5,3,4,4,4,4,3,3,5,3,3,4,4,4,4,3,4,1,4,3,4,1,5,2,4
4,4,4,4,4,4,4,3,4,3,3,4,3,4,4,3,4,5,4,5,4,4,4,4,4,3,4,4,5,5,3,4,4,4,4,4,4,4,5,3,3,1,4,3,4,3,4,4,4
4,4,4,3,3,4,3,3,3,2,3,3,4,3,3,3,3,4,3,2,4,4,5,2,3,3,3,5,4,5,3,3,3,4,3,2,3,4,2,4,2,2,4,1,4,2,3,2,3
3,4,5,5,4,4,4,4,4,4,5,5,5,5,4,4,4,4,4,4,4,5,4,5,4,3,4,4,4,5,4,3,4,4,4,3,4,4,4,4,3,2,5,3,4,3,3,3,3
3,4,3,3,3,3,4,5,4,4,5,4,3,4,3,4,4,3,3,4,4,3,4,3,4,2,4,4,3,4,3,3,4,3,3,2,2,4,2,5,5,2,5,1,5,1,4,3,1
4,4,4,4,4,4,4,3,4,4,4,4,4,4,4,4,4,4,3,4,4,4,4,4,4,3,4,4,4,4,4,4,3,3,3,4,2,4,3,3,3,3,4,3,4,3,3,4,3
5,5,5,4,5,5,5,5,5,5,5,5,4,5,5,5,5,5,4,4,5,5,5,5,5,4,5,5,5,5,5,5,4,4,5,3,4,4,4,4,3,3,4,3,4,3,3,4,4
5,4,4,4,4,5,4,5,3,4,4,4,5,4,4,5,5,5,5,5,4,5,5,3,4,3,4,4,4,5,2,3,3,2,4,3,2,4,4,5,2,1,5,2,5,3,4,2,5
4,4,4,4,3,4,3,4,3,4,4,4,4,4,2,3,4,2,5,4,4,4,4,4,4,3,4,5,3,4,2,3,2,2,3,2,2,4,2,4,2,1,4,2,4,2,2,2,1
5,5,5,5,5,4,5,5,3,4,5,5,5,5,5,3,5,4,5,4,5,4,4,5,5,2,3,5,4,5,5,4,5,4,4,3,4,5,4,4,4,3,4,4,4,2,4,3,4
4,5,5,5,5,3,4,4,5,4,5,4,5,3,4,4,4,4,5,5,5,3,5,4,5,5,4,4,5,5,4,5,4,3,3,5,3,5,4,4,4,1,4,1,5,1,3,4,3
4,4,5,4,3,4,4,4,3.046897527,4,3,3,4,4,4,4,4,4,4,3,4,5,4,3,3,4,3,5,4,4,3,4,4,5,5,5,2,5,5,5,3,1,4,2,4,4,1,3,4
4,5,4,4,4,4,4,4,4,4,4,4,4,3,4,3,4,4,5,4,4,4,4,4,4,2,4,4,4,4,3,4,3,3,4,2,4,4,3,4,3,1,4,2,4,2,3,3,2
4,4,4,4,4,4,3,4,4,4,4,4,4,4,4,4,4,4,4,4,4,5,4,4,4,3,4,4,3,4,3,3,4,4,4,3,4,4,4,3,4,3,4,3,4,3,2,4,5
4,4,4,4,4,4,3,4,5,4,5,4,5,4,5,4,4,4,4,3,5,4,4,4,4,4,4,5,5,5,3,4,2,4,4,3,4,4,4,4,3,1,5,3,5,3,2,4,3
2,5,4,5,4,5,3,3,5,4,4,4,4,3,3,4,4,4,4,3,4,3,5,4,4,4,4,4,4,4,3,2,4,3,4,4,4,5,4,4,4,2,4,4,4,2,2,3,4
5,5,5,5,5,5,5,5,5,5,5,5,5,5,5,5,5,5,5,5,5,5,5,5,4,5,4,5,5,5,5,5,4,5,5,5,4,5,4,4,3,2,3,4,5,3,3,4,5
4,2,4,4,4,4,5,5,4,4,4,4,4,5,4,4,5,4,1,4,4,3,4,4,4,4,4,4,4,5,4,4,3,4,4,4,2,4,4,4,4,4,4,4,4,4,4,4,4
5,4,5,5,4,5,5,5,5,5,5,5,5,3,5,5,5,5,5,4,5,4,5,5,4,3,4,5,5,4,4,5,5,3,5,3,4,5,5,4,5,2,4,4,5,2,3,5,5
4,4,4,4,3,4,4,4,4,3,4,4,4,5,4,3,4,4,3,2,4,4,4,3,5,3,4,4,3,4,4,2,5,3,4,2,3,4,2,2,2,1,4,3,4,2,4,3,2
4,4,4,3,3,3,3,3,3,4,3,3,3,4,3,3,3,3,3,3,4,4,4,3,4,3,3,4,4,4,3,3,2,4,4,3,3,4,4,3,3,2,3,2,4,3,2,4,2
4,4,4,4,4,4,4,4,4,4,4,4,4,4,4,4,4,4,3,3,4,2,4,4,4,4,4,4,4,4,4,3,4,4,2,4,3,4,4,4,2,2,4,2,4,2,2,4,4
3,2,3,4,3,4,3,3,4,4,4,4,3,4,3,4,3,4,2,3,4,3,3,3,3,5,3,3,2,3,4,4,3,4,4,4,3,3,4,2,2,3,4,4,4,4,4,2,3
3,4,4,2,4,3,3,3,3,3,3,3,3,3,4,3,5,3,2,4,4,3,3,3,2,2,3,4,3,5,2,3,3,2,4,2,2,4,2,2,2,1,2,1,3,2,2,2,4
5,4,5,5,5,5,5,4,5,4,4,4,5,4,3,4,5,5,4,5,5,5,4,3,4,2,4,5,4,5,4,4,5,5,4,3,2,4,4,5,4,1,5,1,5,1,5,5,4
3,4,4,4,4,4,3,4,3,4,4,4,4,4,4,4,4,4,3,4,4,3,4,4,3,3,3,4,4,4,3,3,2,3,4,2,3,4,3,4,3,1,4,3,4,2,4,3,1
3,4,4,4,4,4,4,4,4,4,4,4,4,4,4,4,4,4,4,3,4,4,4,4,3,3,4,4,4,4,4,4,2,3,3,4,4,3,2,4,4,1,3,3,4,2,2,2,4
3,4,4,4,4,3,3,4,3,3,4,3,4,3,4,4,4,4,4,3,4,3,4,4,4,3,3,4,4,4,3,4,4,3,4,4,3,4,4,4,3,2,4,3,4,2,3,3,3
2,4,4,4,4,4,3,4,3,4,4,4,4,4,4,4,4,3,4,4,4,4,4,4,4,2,4,4,4,3,3,4,4,2,3,2,3,4,2,3,3,1,4,1,3,1,5,2,4
3,3,3,3,4,4,4,3,4,3,4,4,3,4,3,3,3,4,4,4,4,3,4,3,2,3,4,4,3,4,3,3,4,4,3,3,3,4,4,4,2,3,4,3,4,3,3,4,4
3,5,4,5,5,4,5,5,4,4,4,5,4,4,5,4,4,5,5,4,5,5,5,4,5,1,3,5,5,5,3,5,3,2,3,3,5,4,4,4,3,1,4,1,4,3,2,2,5
5,3,5,3,4,5,3,4,4,5,5,5,5,4.742863918,5,3,5,4,3,4,5,5,4,4,4,4,5,5,5,5,3,5,4,4,4,3,3,5,4,4,4,1,5,3,5,2,1,4,2
4,5,4,5,4,5,4,4,3,4,4,4,4,5,4,3,5,4,4,5,5,3,4,3,4,4,3,4,4,5,3,3,3,5,5,4,1,5,3,2,4,3,4,2,4,2,2,3,5
4,5,4,4,4,4,2,5,4,5,4,4,3,3,5,4,4,2,4,4,5,4,5,4,5,4,4,5,4,5,4,4,4,4,3,3,2,5,1,4,2,1,4,1,5,1,2,4,1
3,4,4,5,4,5,2,4,4,5,4,4,4,1,4,4,4,4,4,4,4,4,4,3,4,3,4,5,4,4,3,5,2,3,4,3,3,4,3,4,3,1,4,3,5,3,2,4,5
5,5,5,5,4,4,4,5,4,5,4,5,5,5,4,4,4,4,5,5,5,5,4,4,4,2,4,5,5,5,5,4,4,4,5,3,4,5,5,4,4,1,5,4,4,2,1,4,4
4,4,4,4,4,4,4,4,4,4,4,3,4,4,4,3,4,4,2,4,4,4,4,4,4,4,4,4,4,4,4,4,4,4,3,4,4,4,4,3,2,0.774862477,4,3,4,3,3,4,4
5,5,4,5,5,5,3,4,3,4,4,5,4,3,4,4,4,5,4,5,5,4,4,4,4,2,4,4,4,4,4,3,5,3,3,2,2,5,4,2,4,1,4,2,3,1,2,2,3
5,5,5,4,4,5,3,5,3,5,5,5,5,5,4,4,5,5,5,4,5,5,5,4,4,2,4,5,4,5,4,2,4,3,5,3,4,5,4,5,2,1,5,1,5,1,1,3,3
5,5,5,4,4,5,4,4,4,5,4,3,4,5,4,4,4,5,5,4,5,5,5,4,5,3,3,5,5,4,3,4,5,3,3,2,3,4,3,4,4,2,3,2,5,2,2,5,4
4,5,5,4,4,4,4,5,4,4,3,4,4,4,4,3,3,4,5,4,4,5,4,4,2,3,4,4,4,4,3,4,3,3,3,3,4,4,3,3,3,1,3,4,4,4,4,2,2
3,5,4,4,3,5,3,4,3,3,4,3,4,5,4,4,3,3,4,3,3,5,4,4,3,3,4,4,4,4,3,4,4,4,4,2,3,5,3,3,3,1,4,3,4,3,3,4,4
4,5,5,4,4,4,4,4,4,4,4,4,5,4,5,4,4,4,5,5,5,4,5,4,5,3,4,5,4,5,5,4,3,3,3,4,3,4,3,5,4,1,4,2,4,1,4,5,4
3,3,3,3,2,3,3,3,4.849686035,3,3,4,3,3,4,3,3,3,3,3,3,2,4,3,3,3,3,3,2,4,3,3,3,4,3,3,4,4,1,3.090734055,3,1,4,2,4,2,2,3,3
4,4,4,4,4,5,4,4,4,4,4,4,4,4,4,3,3,4,4,3,4,4,4,4,5,2,4,4,4,4,2,4,4,4,3,3,4,5,4,5,4,3,4,3,4,2,4,3,3
3,4,4,4,4,4,3,4,4,3,4,4,4,4,4,4,4,4,4,3,4,3,4,4,4,3,3,4,4,4,3,4,4,3,3,4,3,4,3,3,2,1,3,3,3,4,3,2,2
4,4,4,4,3,4,5,4,4,4,4,4,5,4,3,3,4,4,4,4,5,5,4,4,5,3,4,4,4,5,5,4,4,3,3,3,4,3,3,4,4,1,3,4,4,3,4,3,3
4,4,4,4,4,5,4,5,4,4,4,4,3,5,5,3,4,4,4,4,4,3,5,2,2,4,3,5,3,4,3,4,5,3,2,3,4,5,2,5,4,1,3,2,3,2,2,2,2
4,2,4,4,3,4,4,4,4,4,4,4,4,4,4,4,4,3,2,4,4,2,4,4,4,4,4,4,4,4,4,4,4,4,4,2,2,4,4,4,2,4,4,2,4,2,2,2,2
3,4,5,4,4,5,3,4,4,2,3,3,3,2,4,2,2,5,5,3,4,4,4,3,5,2,3,4,4,4,2,4,2,4,4,4,4,4,4,3,4,1,3,2,4,4,2,2,5
4,4,4,4,5,4,3,5,4,5,4,4,4,4,4,4,4,4,4,4,5,4,4,5,5,5,4,4,5,4,4,5,2,3,4,3,4,3,3,4,4,1,4,3,4,1,2,4,3
2.518773787,5,5,4,4,3,3,3,4,3,3,4,3,4,4,3,3,4,4,4,4,5,3,4,4,3,3,4,4,4,2,3,1,3,4,1,2,5,1,2,3,1,3,3,3,1,2,2,4
4,4,4,4,4,4,4,4,4,4,4,4,4,4,4,4,4,4,4,2,4,4,4,4,4,3,4,4,4,4,3,3,3,3,4,3,3,4,4,4,3,3,4,3,4,1,3,3,3
4,4,4,5,5,4,4,4,3,5,4,4,4,4,4,4,3,5,4,4,4,5,5,4,5,3,4,5,5,4,4,3,5,4,5,3,3,4,4,5,4,2,4,3,4,2,5,4,2
3,4,4,5,3,4,3,3,5,4,4,4,4,4,4,3,3,4,4,3,4,3,5,4,3,3,4,4,3,4,3,4,4,5,5,4,3,5,5,5,3,1,5,2,5,2,5,3,4
4,4,4,4,4,4,3,4,4,4,3,4,4,4,4,4,4,4,3,4,4,3,4,4,4,4,4,4,4,4,3,4,2,4,4,2,2,4,2,4,4,2,4,2,4,2,1,4,2
4,5,4,5,5,4,5,5,5,5,5,5,5,5,5,5,5,5,5,4,5,5,5,4,5,5,5,5,4,5,5,3,4,3,4,3,4,5,3,4,4,1,4,4,4,3,3,3,4
3,4,4,4,4,4,3,4,3,3,3,4,4,4,4,3,3,3,3,2,3,3,4,3,3,2,3,4,2,4,3,3,2,2,2,2,2,4,4,4,2,2,4,2,4,2,3,3,3
3,3,5,4,3,4,3,3,3,3,3,4,4,4,5,3,3,4,4,4,4,3,4,4,4,3,4,3,4,5,4,3,4,3,3,3,3,4,5,3,3,1,4,1,4,2,2,3,4
3,4,3,4,3,3,2,4,4,5,4,4,4,3,3,4,3,4,4,3,3,5,4,2,4,2,4,4,4,4,3,1,1,2,4,3,3,4,4,4,2,4,5,3,5,3,3,4,2
3,2,4,4,4,4,3,2,4,3,4,4,4,4,4,4,4,4,2,4,3,3,4,4,5,3,4,4,3,5,4,3,4,4,4,2,4,4,3,3,4,2,4,2,4,3,2,3,4
3,4,3,4,4,4,4,4,4,3,5,5,5,2,5,3,5,4,4,3,4,3,5,3,4,3,4,4,4,5,5,4,4,3,4,4,2,5,4,4,4,2,5,2,4,4,2,2,4
3,4,3,4,4,4,3,5,4,4,5,4,4,4,5,4,4,4,4,4,5,4,4,2,4,4,4,5,4,4,3,4,2,3,4,3,4,4,3,4,4,1,4,3,4,1,4,4,4
4,5,5,5,4,5,5,4,2,5,5,4,5,5,5,4,4,5,5,4,4,4,4,5,3,3,5.057935906,5,4,5,4,4,3,4,4,2,4,5,4,4,1,1,3,1,5,3,2,4,4
3,4,5,4,4,4,5,4,4,5,4,4,5,5,4,4,4,3,5,2,5,3,4,4,4,3,4,4,3,5,5,3,4,4,3,3,4,5,4,3,3,1,3,1,5,1,4,2,4
3,4,4,4,4,4,4,3,4,4,4,4,3,4,4,3,3,4,3,3,4,4,4,4,3,3,4,4,4,4,3,4,3,4,4,3,3,4,4,4,4,1,3,2,4,3,2,4,3
4,4,5,3,3,4,2,4,2,4,4,5,4,4,4,3,4,4,5,2,5,3,4,4,5,3,3,4,4,4,3,5,4,3,3,2,3,4,2,3,4,1,4,2,4,1,1,3,4
3,4,3,3,4,3,3,4,3,3,4,4,4,3,4,4,4,4,3,3,3,4,4,4,5,3,4,4,4,3,3,4,4,3,4,2,3,4,2,1,3,1,3,2,4,2,1,3,5
3,5,5,4,3,5,3,4,4,3,5,4,4,4,4,5,5,4,3,2,5,4,5,3,3,3,5,5,2,4,3,3,4,4,4,3,4,4,4,5,4,1,4,3,4,3,3,5,3
5,5,5,4,5,4,4,5,4,4,5,2,5,4,5,5,4,5,5,5,5,5,5,5,3,3,5,5,5,5,2,4,4,4,4,4,4,5,4,5,3,1,4,2,5,1,5,3,4
4,4,4,4,3,4,4,5,4,4,4,4,4,4,5,3,4,4,4,4,4,4,4,4,4,4,4,4,3,4,3,4,4,4,4,4,4,5,3,4,4,1,3,2,4,3,4,4,4
5,4,5,5,4,4,4,4,4,3,4,4,4,4,5,4,4,4,4,4,5,4,4,4,4,3,4,4,4,4,4,4,4,2,4,3,2,4,3,4,2,3,4,3,4,3,2,3,4
3,5,4,5,5,5,4,5,5,5,5,5,5,5,5,4,4,4,5,5,5,5,5,5,5,2,4,5,5,5,4,4,4,3,4,3,4,5,5,4,4,2,5,3,5,3,4,4,4
4,4,4,3.406527376,4,4,3,4,3,4,4,4,4,4,4,4,4,4,4,4,4,4,4,4,4,3,3.141740709,4,4,4,4,3,4,4,4,2,2,5,3,4,2,2,3,2,4,2,2,4,4
5,5,3,5,4,5,3,5,5,5,5,5,5,5,5,5,5,5,5,4,5,1,5,5,3,5,5,5,5,5,5,5,5,5,5,5,5,5,5,5,5,2.02946012,5,2,5,2,5,5,5
4,5,4,4,5,4,4,5,4,4,5,5,4,4,4,4,5,4,4,4,4,4,4,4,4,3,4,4,4,5,4,2,4,4,4,3,3,4,4,5,3,4,4,3,4,4,4,5,4
3,3,4,5,5,4,3,4,4,4,5,4,4,4,4,4,4,4,4,4,5,4,5,4,5,3,4,5,4,3,4,4,4,3,4,2,4,4,3,3,2,2,4,2,4,2,4,4,4
4,4,4,4,3,4,4,3,4,5,4,4,4,4,4,4,4,5,4,2,3,4,5,4,2,2,4,4,4,5,4,4,3,4,3,2,3,4,4,2,3,2,4,2,4,2,2,3,4
4,5,5,5,5,5,4,5,5,5,4,5,5,3,5,4,5,5,4,5,5,3,5,5,3,5,4,5,5,5,3,5,3,5,5,4,5,5,4,4,4,2,4,3,5,2,4,4,2
4,4,4,4,4,4,4,4,3,4,4,3,4,3,4,4,4,3,4,3,4,4,4,3,2,2,3,4,4,4,3,3,4,3,4,4,4,4,4,4,4,2,4,2,4,2,3,2,2
4,4,3,4,4,4,4,4,4,4,4,4,4,4,4,3,4,4,4,3,5,4,4,4,3,3,3,4,3,4,4,4,4,3,4,2,4,4,5,4,3,1,4,1,4,1,2,4,4
3,4,4,4,4,4,4,4,3,4,3,4,4,4,4,3,4,4,4,4,4,5,4,4,4,4,3,5,4,4,4,5,5,5,3,2,3,5,4,4,4,1,4,3,4,2,2,3,4
4,5,5,4,4,5,2,5,4,4,5,5,5,4,4,4,4,4,4,5,5,4,5,4,5,4,4,4,5,5,3,3,5,5,5,2,2,5,2,4,2,1,4,1,5,2,2,3,5
4,3,4,3.521663558,5,5,5,4,4,4,3.354337047,4,3,5,4,3,5,4,4,4,4,2,4,4,5,4,4,4,5,4,2,5,3,2,4,2,1,5,5,5,3,1.694717055,3,2,4,2,4,1,5
3,3,3,3,3,4,1,4,3,2,2,4,3,3,3,3,1,4,3,3,3,3,4,3,3,2,2,4,3,3,2,3,3,2,3,2,2,2,1,2,3,2,2,1,3,1,2,3,1
4,5,4,5,4,4,4,4,2.792452188,4,4,4,4,4,4,3,4,4,5,4,4,3,4,4,5,3,3,5,5,4,3,4,4,3,4,3,3,5,2,3,2,1,3,3,4,3,3,3,4
4,4,3,4,4,4,4,4,4,4,4,4,4,4,4,4,4,4,4,3,4,4,4,4,4,3,4,4,4,4,4,3,4,3,4,3,4,4,3,4,4,1,2,3,4,2,3,2,2
5,5,5,5,4,5,4,5,4,4,5,5,5,5,5,4,5,5,5,4,5,4,5,5,4,4,5,4,4,5,4,4,1,4,4,3,4,5,4,3,4,1,4,4,5,5,2,5,3
5,3,4,3,4,4,4,3,4,5,4,5,4,4,4,4,4,4,3,4,5,3,2,4,5,4,4,5,4,4,2,4,3,3,3,3,3,4,3,3,3,2,3,3,4,2,3,4,3
4,5,5,5,5,4,3,5,4,5,5,4,5,4,5,4,4,4,4,3,5,3,5,4,4,3,4,4,5,5,4,3,5,4,5,3,4,5,5,2.444559917,3,4,5,3,5,2,3,3,5
4,5,5,5,4,5,5,3.62766884,4,4,5,4,4,4,4,3,5,4,4,4,5,4,4,5,4,4,4,4,4,4,4,4,4,5,5,3,4,4,5,3,3,2,4,2,3,2,2,3,4
3,4,4,4,4,4,3,3,3,1,2,3,4,3,4,3,3,4,4,2,3,4,4,3,3,3,3,3,4,3,2,4,1,3,3,3,4,3,3,3,3,2,3,3,4,2,4,3,4
4,4,4,4.994436749,4,4,5,4,3,4,4,4,4,4,4,3,4,4,4,3,4,5,5,3,4,3,3,4,4,4,4,4,4,2,3,4,4,4,4,4,2,1,4,2,5,2,2,3,4
3,3,4,4,4,4,4,4,4,4,4,4,4,4,4,3,4,4,3,3,4,3,4,3,4,3,4,4,4,4,3,4,3,2,4,3,3,4,4,4,2,3,4,2,4,3,3,4,4
4,5,5,4,5,4,4,5,4,4,4,4,5,4,3,4,4,4,5,4,5,4,5,3,5,3,4,4,5,5,4,4,4,5,5,2,4,5,5,4,4,2,4,4,4,2,2,4,4
3,5,5,4,4,4,4,4,4,4,4,4,4,4,4,4,4,4,4,3,4,4,4,5,4,3,4,4,4,5,3,4,2,3,2,2,3,4,2,4,3,1,4,1,4,2,1,3,4
5,5,5,4,5,5,4,4,4,4,5,5,5,5,5,4,5,5,5,3,5,5,5,4,1,5,4,4,5,5,3,4,4,5,5,3,4,5,5,3,3,1,4,3,4,1,3,3,1
4,5,4,5,4,5,3,4,4,4,5,5,5,5,5,4,4,5,5,4,4,4,4,4,4,2,4,5,4,5,2,3,4,2,4,4,4,5,4,5,4,1,4,1,5,2,3,5,3
5,5,5,5,5,3,3,4,4,4,4,4,4,2,4,5,4,5,5,4,4,5,5,5,5,4,3,5,5,5,5,5,5,4,5,2,5,5,4,5,4,1,3,3,5,1,3,4,1
3,4,3,4,3,4,3,4,3,3,3,3,3,3,4,3,3,4,3,3,4,3,4,3,3,3,3,4,3,4,3,3,2,3,3,3,3,3,3,3,3,1,3,3,3,3,3,3,3
4,4,4,5,3,4,3,4,4,4,4,4,4,5,4,4,5,4,4,2,4,4,5,4,2,2,4,4,4,5,4,5,2,3,4,3,4,4,4,3,4,2,4,3,4,2,2,3,4
5,5,5,5,5,4,4,4,4,5,4,4,5,5,5,4,4,4,4,5,5,5,4,4,5,5,5,5,5,4,5,5,2,4,5,5,5,5,4,4,5,1,5,4,5,3,5,4,5
4,4,4,4,4,4,4,4,4,4,4,4,4,4,4,4,5,3,4,3,4,4,4,4,4,3,4,5,4,5,4,4,3,4,4,4,4,4,3,4,3,2,4,3,4,2,3,4,4
3,3,4,4,3,5,3,4,3,3,3,4,4,4,3,3,4,3,4,3,4,3,4,4,4,3,3,4,4,5,3,4,3,4,4,3,3,4,4,4,2,1,3,3,4,2,3,4,4
4,4,4,4,4,4,4,4,4,4,4,4,4,4,4,4,4,4,3,4,4,4,4,4,3,4,4,4,4,4,4,4,4,4,4,4,2,3,4,3,4,2,4,2,4,4,2,2,2
3,5,4,5,4,4,5,4,4,4,4,4,4,5,5,4,4,4,5,4,4,4,4,4,4,3,4,4,4,4,4,4,4,4,4,3,5,4,5,4,4,2.92894357,5,3,4,3,2,3,4
4,5,5,3,5,3,5,5,5,5,5,5,5,4,5,5,5,5,5,5,5,5,5,4,4,4,4,5,5,5,5,5,4,2,4,2,5,5,4,5,5,2,3,3,4,2,2,3,2
4,5,4,4,4,4,4,4,3,4,4,4,4,4,4,4,4,4,4,2,4,4,4,4,4,3,4,5,4,4,3,4,2,3,4,4,4,4,4,4,3,2,3,2,4,2,2,3,4
3,4,4,5,4,4,4,4,4,4,3,4,4,4,4,4,4,3,3,3,4,3,4,4,4,4,4,4,4,4,4,4,4,5,4,4,4,4,4,3,3,2,4,3,4,3,4,3,4
4,2,3,4,4,4,3,4,4,5,4,5,4,4,5,3,5,4,5,4,5,4,5,4,4,3,4,5,5,4,4,3,5,3,5,4,4,5,4,3,4,1,5,4,5,4,2,4,5
4,4,4,3,4,4,3,3,3,4,3,4,3,4,4,3,4,4,3,3,4,4,4,3,4,3,3,4,4,4,3,3,3,4,4,3,3,4,4,4,3,3,4,3,4,3,1,4,4
4,4,4,4,4,4,4,4,5,4,5,5,5,4,4,4,4,4,4,4,4,4,4,5,5,3,5,5,4,5,3,3,3,2,3,3,3,4,4,5,2,2,4,2,3,1,4,3,4
4,5,3,5,3,5,4,4,5,4,5,5,5,3,5,3,4,5,5,3,4,4,5,4,3,4,5,5,3,5,3,4,4,4,4,4,4,4,4,4,2,2,4,3,5,3,4,4,4
4,5,4,4,4,4,2,4,3,4,4,4,4,4,4,4,4,4,4,4,4,5,4,2,4,3,4,5,4,4,2,2,4,2,4,2,2,4,1,4,1,1,2,2,4,1,1,2,2
3,5,4,4,4,5,5,5,4,4,4,4,4,4.018406051,4,4,4,4,4,3,5,5,5,5,4,4,4,4,5,5,4,4,4,4,4,3,5,4,4,4,3,1,4,2,4,1,4,4,3
5,5,5,5,5,4,3,5,5,3,5,4,5,4,5,4,4,5,5,5,5,5,5,3,4,4,4,4,5,4,2,5,5,3,2,2,5,3,3,3,3,1,3,2,3,1,4,2,4
4,2,3,4,3,3,3,3,4,5,3,3,4,4,3,3,4,4,3,3,3,2,3,3,4,3,4,4,3,4,3,4,3,2,3,3,2,3,3,4,3,4,3,3,4,4,4,3,5
4,4,3,3,3,4,3,5,3,4,4,3,3,4,4,3,3,4,4,4,4,4,4,3,3,3,3,4,4,4,3,4,4,3,3,3,3,4,4,3,4,1,3,2,3,2,2,3,3
5,5,5,5,5,5,4,5.391968096,5,4,5,5,5,4,5,5,5,4,4,5,4,4,5,5,5,3,4,5,5,5,5,3,2,4,4,3,1,5,2,5,4,3,5,1,5,1,4,5,1
4,4,4,4,3,4,3,4,4,4,4,4,4,4,4,5,4,4,4,2,4,4,4,4,3,2,4,4,4,4,4,5,3,4,2,3,4,4,4,4,4,2,4,2,4,2,3,3,4
4,3,4,4,5,5,4,5,4,5,4,4,4,5,5,5,5,4,2,4,4,2,4,5,4,4,5,4,4,5,4,5,4,5,4,4,2,4,5,5,4,2,4,4,4,4,4,5,4
4,5,4,4,4,4,4,4,5,5,5,5,4,4,4,4,5,4,4,3,5,4,5,5,4,3,5,5,4,5,4,3,4,3,3,3,4,4,3,4,2,2,4,3,4,2,2,3,3
4,4,4,5,4,4,5,5,4,3,5,4,4,5,4,4,5,5,5,5,5,4,4,5,5,4,4,5,4,5,4,4,4,4,4,3,4,5,4,5,4,2,4,2,5,3,2,3,4
4,4,4,4,4,4,4,4,4,4,4,4,4,4,4,4,4,4,4,4,4,4,4,4,4,4,4,4,4,4,4,4,3,3,4,3,4,4,4,4,4,3,4,4,4,4,2,4,4
4,4,4,4,3,4,4,4,3,4,4,4,4,3,4,4,4,4,4,3,4,3,4,4,3,4,4,4,3,4,4,2.305165745,5,3,3,2,3,4,3,3,3,1,3,3,3,2,2,3,5
4,1,4,4,4,5,4,3,4,4,4,3,4,4,4,3,4,4,4,4,4,3,4,2,5,3,4.573314301,4,4,4,5,4,5,4,4,4,4,4,4,4,3,1,4,3,4,2,3,4,3
4,5,5,4,5,4,5,5,4,5,5,4,5,5,4,3,5,4,5,4,5,4,4,5,5,4,4,5,5,5,4,5,4,5,4,2,3,5,5,5,2,1,5,4,5,1,2,3,4
4,4,4,4,5,4,2,4,4,4,4,4,3,4,4,4,4,4,2,3,4,4,5,2,4,4,4,5,4,4,4,3,5,3,4,2,4,4,4,4,4,1,4,2,4,2,4,4,2
4,4,4,5,5,5,2,4,5,5,5,5,5,3,4,4,5,5,3,3,4,4,5,2,5,1,5,5,4,5,3,1,3,3,5,4,4,4,3,5,2,3,4,3,4,2,5,3,4
3,4,4,3,4,3,3,2,2,3,3,3,3,3,4,4,2,4,4,4,4,4,4,3,4,3,4,4,4,2,2,4,4,2,4,3,4,4,2,4,4,2,3,2,4,2,2,4,4
4,5,5,4,4,4,4,5,4,4,3,4,5,5,4,4,4,4,5,3,5,5,5,5,4,3,4,4,4,5,3,4,5,4,4,4,4,3,3,3,2,3,5,3,5,1,4,3,3
4,4,5,4,5,5,3,5,4,4,5,5,3,5,5,5,5,4,4,5,5,4,5,4,5,4,4,5,5,5,4,5,4,4,5,3,4,4,4,3,3,3.789816775,5,4,5,3,3,4,4
4,4,4,4,4,4,4,4,4,4,4,4,4,5,4,4,4,4,4,3,4,4,5,4,4,4,4,4,4,5,2,4,4,4,5,4,2,5,5,4,4,1,4,4,4,2,1,2,4
4,5,4,4,4,3,4,4,4,4,4,4,4,4,4,3,4,4,5,4,4,4,4,3,4,3,3,4,4,4,3,3,2,3,4,2,2,4,4,4,3,1,4,2,4,1,1,3,1
3,3,3,3,3,3,2,3,3,3,3,3,3,3,3,2,3,3,4,4,4,4,3,3,3,2,3,3,3,3,3,3,3,3,3,3,3,4,3,3,3,3,3,3,4,3,3,3,1
3,5,4,5,4,4,3,5,4,3,4,4,5,4,5,4,5,4,4,4,5,3,4,3,4,3,4,4,3,4,3,4,5,3,5,4,3,5,5,3,3,5,4,1,4,2,4,4,4
4,4,4,4,3,4,4,4,3,3,4,4,3,4,3,3,4,3,4,3,4,4,3,4,3,3,4,4,3,4,3,3,4,3,3,3,3,4,3,3,3,2,3,2,3,2,2,5,3
3,5,4,4,4,4,3,5,4,4,4,4,4,4,4,3,4,3,4,3,5,4,4,3,5,4,4,4,4,4,3,3,2,4,4,3,4,4,2,4,3,1,3,2,4,2,3,4,4
4,4,4,4,4,5,3,3,4,5,5,5,5,5,5,5,5,4,4,4,4,4,4,5,5,3,5,5,4,5,3,5,2,5,5,2,4,5,4,5,3,2,4,2,4,3,2,4,3
3,5,4,4,4,4,4,4,4,4,4,4,4,4,4,4,4,4,4,4,4,4,4,4,4,4,4,4,4,4,4,4,4,3,4,3,4,4,3,4,4,2,4,3,4,3,2,3,3
3,5,4,5,3,5,4,3,4,5,5,5,5,4,5,4,5,5,5,2,5,3,5,5,3,3,4,5,5,5,5,2,5,2,4,3,4,5,4,5,5,1,5,3,5,3,5,3,1
4,5,5,5,5,4,4,5,4,5,5,5,4,5,5,4,5,4,5,4,5,4,4,5,4,3,5,5,5,5,4,3,4,4,4,3,4,5,4,4,4,3,4,4,5,3,3,4,4
4,5,5,5,5,3,3,5,5,4,5,5,5,4,4,5,5,4,5,5,5,4,5,4,3,3,5,5,5,5,4,5,4,3,5,3,1,5,4,4,4,2,5,3,5,3,4,4,4
4,5,4,4,4,4,4,4,4,4,4,4,4,4,4,4,4,4,5,4,5,5,4,4,4,4,4,4,4,4,4,4,5,4,4,3,2,4,4,4,5,1,4,1,4,1,4,4,4
4,5,5,5,4,4,4,5,4,4,4,4,3.970688681,4,5,4,5,3,4,3,5,4,5,3,4,3,4,5,4,5,3,3,5,5,4,4,2,5,3,4,2,1,4,1,4,2,4,2,5
5,4,3,4,4,3,4,4,4,4,4,4,4,4,4,5,4,3,5,4,5,4,3,4,3,4,5,5,4,5.228582686,4,5,2,4,5,4,2,4.326487424,4,5,2,1,5,4,5,2,1,4,5
4,1,5,5,5,5,5,5,3,5,5,5,5,5,4,5,4,5,5,5,5,5,5,5,4,3,4,5,5,5,4,4,5,4,4,2,4,5,4,4,3,1,5,1,5,1,2,2,4
3,5,4,4,5,4,3,5,4,4,4,5,4,5,5,5,4,5,4,4,4,4,5,4,4,3,4,5,5,4,4,4,3,3,4,4,4,5,4,5,4,2,4,3,5,3,2,4,4
5,5,5,5,5,5,4,5,5,5,5,5,5,5,5,5,5,5,5,5,5,5,5,5,5,5,5,5,5,5,5,5,5,3,4,4,4,4,5,5,2,1,5,1,3,1,2,2,2
4,4,4,5,3,3,3,3,4,3,4,4,4,3,4,3,3,4,4,3,4,4,4,4,4,3,4,4,3,4,3,3,2,4,4,2,3,4,3,5,4,2,4,2,5,2,2,3,5
1,5,4,5,5,4,2,4,4,3,4,4,4,3,4,4,4,5,5,4,5,4,5,5,5,4,3,5,5,4,3,4,3,3,4,2,3,5,4,4,2,1,5,1,5,1,1,2,4
4,2,4,4,4,5,4,4,4,4,4,4,4,4,4,4,4,5,2,4,4,3,4,5,3,4,4,4,4,5,4,4,4,4,3,3,2,4,4,4,2,3,4,4,3,4,4,3,4
4,4,4,4,4,4,4,4,3,4,4,4,4,4,4,4,4,5,3,4,4,4,4,4,2,4,4,5,4,4,4,4,3,2,2,1,3,5,2,5,2,1,4,1,4,1,4,4,2
2,4,4,4,4,4,5,5,4,5,5,5,4,5,4,4,4,5,3,2,4,4,5,2,3,2,5,5,4,4,2,5,3,3,4,4,4,4,2,4,2,1.285707957,4,3,5,2,2,4,5
5,4,5,4,4,4,3,5,4,4,3,4,4,4,4,4,5,4,4,4,4,4,4,4,5,4,4,4,4,4,3,4,5,4,4,2,3,4,2,4,4,1,4,2,4,2,4,4,2
4,4,4,4,4,4,4,4,4,4,4,4,4,4,4,3,4,4,4,4,4,4,5,3,3,3,4,4,4,4,3,4,5,3,4,2,2,4,3,3,3,1,3,1,3,1,1,3,1
4,4,4,4,4,3,3,4,3,4,5,3,4,4,4,4,4,4,4,4,4,4,4,5,4,3,3,5,4,4,4,3,2,3,3,2,3,4,2,3,3,3,4,1,4,1,2,2,2
3,5,4,4,4,4,3,4,5,4,5,5,4,4,4,4,5,3,5,4,4,4,5,4,4,3,5,5,4,5,4,4,4,3,4,3,4,4,4,4,3,3,4,4,4,4,4,4,4
5,1,5,4,4,5,4,4,4,5,5,5,3,4,5,4,4,4,4,3,5,5,5,3,5,3,4,5,5,5,3,4,3,2,3,4,4,4,5,5,4,1,2,2,5,3,3,4,4
4,4,3,4,4,5,4,4,4,4,4,4,4,4,4,4,4,3,4,3,4,4,4,4,2,4,3,3,3,4,4,3,3,4,4,2,2,5,1,3,2,4,4,2,5,1,2,4,3
4,5,4,4,4,4,5,4,4,5,5,5,5,5,5,3,5,4,4,4,5,4,4,3,4,3,4,5,5,5,3,4,5,4,4,3,4,4,4,3,3,2,4,3,5,3,4,3,4
4,4,4,4,4,4,4,4,4,4,4,5,4,5,4,4,3,4,3,3,4,4,4,4,4,4,4,5,4,5,4,4,4,3,3,2,2,3,4,3,3,1,4,4,4,3,4,4,4
3,5,4,3,3,5,3,4,3,3,4,5,5,4,3,4,3,5,5,1,4,4,5,3,3,3,3,4,2,3,2,3,4,3,4,3,4,5,4,4,4,1,4,2,4,2,5,4,5
3,5,4,4,4,4,4,5,5,3,4,4,5,5,4,2,5,4,5,4,5,4,5,2,5,4,4,5,4,5,3,4,2,2,4,1,3,5,2,4,3,2,5,2,4,2,2,2,3
4,4,4.066785136,4,4,5,4,4,4,4,4,4,4,4,4,3,4,4,4,4,5,3,4,3,4,4,4,4,5,3.714916946,3,3,4,3,3,3,3,5,3,3,4,1,3,2,3,2,4,4,4
4,4,5,5,4,4,4,4,3,4,4,4,4,4,4,4,4,4,5,3,4,5,4,4,4,4,3,4,5,4,3,3,4,3,4,3,3,5,2,4,3,2,4,2,4,2,1,2,4
4,4,4,4,4,4,4,4,4,4,4,4,4,4,4,4,4,4,5,4,4,4,4,4,4,5,5,5,4,4,3,4,4,4,4,4,3,4,4,4,4,3,5,3,5,3,3,4,4
4,5,4,5,5,4,2,4,4,4,4,4,4,4,5,4,4,4,4,4,5,3,4,4,5,4,4,4,5,5,3,4,5,4,4,2,3,4,3,4,2,4,4,4,4,4,1,3,5
5,5,5,5,5,5,5,5,5,5,5,5,5,5,5,5,5,5,5,5,5,4,5,5,5,5,5,5,5,5,3,5,5,5,5,5,5,5,5,5,4,3,5,5,5,4,4,3,5
4,4,4,4,5,4,3,5,4,4,4,4,4,3,4,3,3,4,4,4,5,4,4,4,4,4,4,4,4,4,2,3,5,2,4,3,2,5,3,4,2,1,3,3,4,2,2,4,3
4,4,4,4,4,5,4,4,4,4,4,4,4,4,5,4,4,4,4,4,5,4,4,4,4,3,4,5,4,4,4,5,4,4,4,3,4,4,4,4,4,2,4,3,4,2,1,4,4
4,5,5,4,4,4,5,5,5,3,5,5,4,5,4,5,4,5,5,4,4,4,5,1,4,2,5,5,4,5,4,4,4,3,4,3,4,5,3,4,4,1,3,3,4,3,3,4,4
3,4,3,4,3,4,4,4,3,3,4,4,4,4,4,3,4,4,3,3,3,2,3,4,3,3,3,4,3,4,3,4,2,3,3,3,3,4,4,4,4,2,4,2,4,2,2,3,2
4,5,5,5,5,5,5,5,4,5,5,4,5,4,4,4,4,5,4,4,5,5,5,5,5,5,4,5,5,5,4,3,4,4,5,2,4,4,4,5,4,2,5,4,5,2,3,5,4
4,5,4,4,5,4,4,3,5,4,5,5,5,4,4,4,4,5,5,4,5,5,5,4,5,4,5,4,4,5,4,3,2,2,3,3,3,4,3,5,2,1,4,3,4,2,2,2,5
4,5,5,4,4,4,4,5,5,4,5,5,5,4,5,4,4,4,4,4,5,4,4,5,5,4,4,5,4,4,3,4,3,4,4,5,4,5,5,4,4,1.952827856,5,4,4,4,1,3,4
4,5,4,3,5,4,3,4,4,4,4,5,3,4,4,3,4,4,5,4,5,4,5,4,4,3,4,4,5,4,4,3,3,3,3,3,3,5,4,4,4,4,3,3,4,3,2,4,3
5,5,5,5,4,5,3,5,5,5,5,5,4,4,5,4,5,4,5,3,5,4,5,5,4,3,4,5,4,5,4,3,3,3,4,2,4,5,3,5,3,1,5,2,5,2,3,2,4
3,5,4,3,3,3,3,4,4,3,3,3,3,3,3,3,3,4,4,3,3,4,4,3,4,3,4,4,4,3,3,3,4,4,4,4,2,5,2,4,4,2,4,1,4,1,1,2,2
4,3,4,4,4,5,4,4,4,4,4,4,5,4,4,4,4,4,4,4,5,5,4,3,4,4,4,5,4,4,3,4,4,5,4,4,3,4,4,4,3,3,4,4,4,4,4,4,4
3,4,4,4,4,4,4,4,4,4,4,4,4,4,4,4,4,4,4,4,4,4,4,4,4,3,4,4,4,4,4,4,4,4,4,4,4,4,4,4,3,1.452528726,4,2,4,3,4,4,4
4,4,4,4,4,3,4,4,4,4,4,5,4,4,4,3,4,5,4,4,5,4,5,4,4,3,3,4,4,4,3,4,1,3,3,2,2,4,2,4,4,1,3,1,3,1,4,3,2
4,5,4,4,4,4,3,3,4,4,4,4,3,4,4,3,4,4,5,3,4,4,4,4,3,4,3,4,4,3,3,3,4,3,2,1,2,4,2,3,3,1,3,1,4,1,2,3,3
4,4,5,5,5,5,5,5,4,5,5,5,4,4,4,4,5,4,4,4,5,4,5,5,4,4,4,5,4,5,4,4,5,5,4,2,4,5,4,4,4,2,4,4,4,2,4,4,4
5,1,3,4,4,5,3,5,3,4,4,4,5,3,3,5,3,4,2,4,4,1,5,5,4,4,4,4,4,4,4,4,5,5,5,5,2,4,4,4,3,4,4,4,4,4,3,4,4
4,5,5,4,4,5,4,5,4,4,4,4,4,5,5,4,4,4,5,5,4,5,4,5,4,4,4,5,5,4,4,5,5,4,4,3,2,5,4,4,5,2,4,3,5,3,1,4,4
4,4,4,5,3.585777495,4,4,5,5,4,4,5,4,5,5,5,4,5,5,4,4,4,5,4,4,4,4,4,4,5,3,4,5,4,4,3,3,5,4,5,3,4,3,3,4,3,4,3,4
2,4,4,5,2.780920739,4,5,5,4,4,5,3,5,5,4,3,2,4,4,2,5,3,4,3,4,2,5,3,3,5,3,3,2,3,3,3,4,4,4,4,2,1,4,1,4,1,1,3,5
4,5,4,3,5,5,3,4,4,5,5,4,5,4,4,3,4,4,5,4,5,5,5,4,4,3,5.12718293,5,4,5,5,4,4,4,4,3,4,5,4,5,4,1,5,4,5,3,3,4,5
4,4,4,5,4,4,4,4,3,4,4,4,4,4,5,4,4,4,4,4,4,4,5,4,4,2,4,5,3,4,3,3,4,4,4,3,4,4,4,3,3,1,4,2,4,3,2,5,4
3,5,4,4,4,3,4,4,4,4,4,4,4,4,4,3,5,4,4,4,4,3,4,3,3,3,3,4,3,4,3.876666815,4,2,4,3,3,4,3,4,4,2,3,4,1,5,3,4,3,4
5,1,5,4,5,4,3,3,3,4,4,4,3,3,5,3,3,5,4,4,5,5,4,4,4,3,3,3,4,4,3,4,4,4,4,2,4,5,2,4,5,1,4,2,5,2,3,3,2
4,5,4,5,4,5,4,4,4,4,4,5,5,4,4,4,4,4,5,4,4,5,4,4,4,2,4,4,5,5,3,3,4,3,5,2,4,5,4,4,4,2,4,4,4,2,2,4,5
4,5,5,4,5,4,5,4,4,5,4,5,5,4,4,5,4,4.62048318,4,4,5,5,4,5,5,3,5,5,5,5,4,5,3,5,5,4,2,4,5,4,4,2.878808679,5,3,5,3,4,3,3
3,3,5,4,4,4,1,4,4,5,3,4,4,4,4,4,4,4,3,2,5,3,5,3,4,3,3,5,4,5,3,3,1,3,4,2,3,5,4,3,5,1,3,3,3,1,3,2,4
4,5,4,4,3,4,3,4,4,5,5,5,5,5,4,2,4,4,4,2,5,4,5,4,2,4,3,5,4,4,3,4,4,1,4,2,2,4,2,4,2,4,5,1,4,1,1,1,3
3,4,3,4,3,4,3,4,4,4,4,4,3,4,4,2,4,4,4,3,2,4,4,3,2,3,3,4,4,4,2,3,3,3,4,3,4,3,4,5,4,2,5,2,4,3,2,4,4
4,4,3,4,3,4,3,3,3,4,5,4,4,4,4,3,4,4,5,4,4,5,4,3,3,2,3,4,5,4,4,3,4,2,4,3,4,4,4,4,4,1,5,1,5,4,3,3,5
4,5,5,5,4,5,5,5,3,4,4,3,4,5,5,3,4,5,4,3,5,3,5,3,5,3,4,5,4,4,3,4,4,3,5,3,4,5,3,5,3,1,3,1,4,1,1,4,3
5,1,5,5,4,5,5,5,4,5,5,4,4,5,4,4,5,5,4,2,4,4,5,5,4,4,5,5,4,5,5,3,3,3,5,5,4,5,4,5,2,2,5,3,5,3,4,4,4
3,5,4,5.256060705,5,5,3,5,4,3,4,5,4,4,4,4,4,4,4,3,4,5,5,2,4,3,4,4,3,4,1.91334796,5,2,4,4,3,2,4,3,4,1,1,4,1,3,1,3,3,2
4,4,4,5,4,5,3,4,5,4,4,4,4,4,4,4,3,4,4,3,4,4,4,4,4,2,4,4,3,4,3,3,2,2,2,3,2,3,2,4,2,1,3,1,4,1,3,2,1
4,4,4,4,4,3,4,5,4,4,5,4,4,4,4,3,4,4,4,4,5,4,4,4,4,4,4,4,4,4,4,4,3,3,4,3,2,4,4,4,4,2.565406386,4,3,4,3,3,3,4
4,5,5,5,4,4,4,4,4,4,4,4,4,3,5,3,4,3,5,4,4,5,4,4,4,3,4,5,4,5,4,5,4,2,4,3,3,5,3,4,4,3,4,1,4,1,1,2,4
3,4,3,4,4,4,4,4,3,4,4,4,4,4,4,4,4,4,4,3,4,3,4,4,4,2,3,4,4,4,4,4,5,2,4,3,2,4,2,5,2,4,3,2,4,2,4,3,4
3,4,4,4,4,4,3,4,5,4,4,4,3,5,4,4,4,4,4,5,5,4,4,2,4,4,4,4,4,4,3,4,4,2,4,4,4,5,4,4,3,2,4,4,5,4,2,2,2
3,5,4,5,4,5,4,4,3,4,4,2,4,4,4,3,4,5,5,4,5,4,4,4,4,2,3,4,3,4,3,3,5,4,5,3,4,5,4,4,4,2,4,2,5,2,3,4,2
4,3,4,5,4,4,4,5,5,4,4,4,4,5,4,4,4,4,4,5,4,4,5,4,5,4,4,3,4,4,4,4,4,3,4,4,3,5,3,4,2,4,4,3,3,3,5,4,3
4,5,5,5,5,5,3,4,4,3,3,4,5,5,5,4,2,4,4,5,5,4,4,4,4,4,4,3,3,3,2,5,3,3,4,3,3,5,3,4,3,1,4,3,4,3,3,4,4
4,5,5,4,4,5,4,5,4,4,4,4,4,5,4,4,5,4,5,5,5,5,4,5,4,2,4,5,5,4,4,5,5,4,4,2,1,5,5,3,4,2,4,3,4,2,1,4,5
4,5,4,5,4,4,4,4,4,4,4,4,4,4,4,4,4,4,4,4,4,4,4,4,4,3,4,5,4,4,4,4,5,2,3,3,2,4,3,3,2,1,4,1,4,2,2,4,4
4,4,4,4,4,5,5,4,4,4,3,5,4,4,4,4,5,4,3,4,4,3,4,5,4,4,4,4,5,4,4,4,3,3,4,4,2,4,4,3,2,1,4,2,3,2,4,4,4
3,4,3,4,4,4,4,3,3,3,4,3,4,4,4,3,4,3,3,4,4,2,4,2,4,3,3,4,4,4,3,3,5,3,3,2,3,2,2,4,3,2,2,3,3,1,3,3,4
4,5,4,3,4,4,4,4,4,4,3,4,4,5,4,3,4,4,4,4,4,4,4,4,4,2,4,5,4,5,3,3,3,4,4,3,4,5,4,4,4,3,5,4,5,4,3,3,5
3,3,3,3,3,4,3,3,3,3,3,3,4,3,4,3,4,3,3,3,3,3,4,4,3,2,2,2,4,4,3,3,4,5,4,3,3,4,4,3,2,3,3,2,3,3,3,3,4
4,5,5,5,5,5,2,4,5,4,4,4,4,4,4,4,4,5,5,4,5,4,5,2,5,5,5,4,5,4,3,3,3,5,5,2,4,5,5,4,4,1,3,1,3,1,1,2,2
5,5,4,5,4,5,3,5,4,4,5,3,4,5,5,5,5,5,4,5,5,4,5,4,5,2,3,4,4,5,5,3,3,2,2,3,3,5,2,5,3,1,5,2,5,2,2,3,2
4,5,4,5,4,4,5,4,4,4,4,5,4,4,5,4,4,4,5,4,5,5,4,5,5,3,4,5,4,5,5,4,2,3,4,3,3,4,3,4,3,2,4,2,5,3,2,3,3
4,5,5,4,4,4,4,4,4,4,4,3,4,4,4,4,4,4,5,2,4,5,4,4,4,3,4,4,4,4,2,4,4,3,4,3,4,5,4,4,3,1,4,3,4,2,2,4,2
4,5,4,5,4,4,3,5,4,4,4,4,3,4,4,3,4,4,5,5,4,4,4,4,4,3,4,5,4,4,3,3,1,3,4,3,4,4,2,4,4,2,3,2,4,1,3,2,4
4,5,5,4,4,4,3,4,4,3,4,5,5,4,4,4,5,4,4,3,5,5,4,4,3,2,4,5,5,5,4,3,2,3,4,2,4,4,4,5,3,1,5,3,5,1,2,4,3
4,4,4,4,4,5,4,3,3,2,3,3,3,4,3,4,4,4,3,4,4,4,2,4,3,3,3,2,4,4,4,4,3,5,3,3,3,3,3,3,2,3,3,1,3,3,4,4,4
3,5,4,5,3,4,4,5,4,4,4,4,4,4,4,2,4,5,3,4,5,5,4,3,4,3,4,4,4,4,4,4,5,4,5,1,4,5,5,4,5,2,4,1,4,1,2,5,5
4,5,5,4,4,4,4,4,3,5,5,4,4,5,4,5,4,4,5,3,5,4,4,4,5,1,5,5,4,5,2,3,2,5,4,4,4,5,5,4,2,1,3,4,5,2,4,3,1
4,4,4,4,4,4,4,4,4,4,4,4,4,4,4,3,3,4,3,4,4,4,4,4,4,3,4,4,4,4,4,4,3,4,4,4,3,4,4,4,3,1,3,3,3,2,4,3,3
3,4,5,4,4,5,4,3,3,3,4,4,5,3,4,3,3,4,4,3,4,4,4,4,4,2,4,4,4,3,4,3,4,2,3,2,2,4,4,4,4,2,3,2,4,2,2,2,2
3,4,5,4,4,4,4,3,3,4,3,4,4,4,4,4,4,4,3,2,4,3,4,5,4,4,4,5,3,4,3,2,4,3,3,2,4,5,2,4,1,1,4,3,4,2,5,3,1
4,4,4,4,4,4,2,4,4,4,4,4,4,4,4,2,4,4,4,4,4,4,4,4,4,2,4,4,4,4,4,4,2,2,4,2,2,4,2,4,4,2,4,3,4,2,2,2,4
3,5,4,5,4,4,4,4,4,5,4,5,5,5,5,4,5,4,5,3,4,5,3,5,2,3,4,4,5,5,4,4,2,4,2,3,5,4,5,4,5,1,5,5,4,4,2,5,3
4,4,4,4,4,4,4,4,3,4,5,4,5,4,4,5,4,4,4,3,4,4,4,4,4,3,4,4,4,4,4,3,4,4,4,4,3,5,3,4,1,1,4,2,4,1,2,5,4
4,4,4,4,4,4,4,4,4,4,4,4,4,4,4,4,4,4,5,4,4,4,4,4,4,3,4,4,4,4,3,4,3,4,4,3,4,4,3,4,4,1.104529779,3,2,4,2,2,4,4
4,4,4,4,4,4,4,4,3,5,4,4,4,5,4,3,5,4,5,4,5,4,4,4,5,3,5,5,4,4,3,4,4,2,4,3,4,4,4,4,3,1,3,3,3,3,2,4,4
4,5,5,5,5,5,5,5,5,5,5,5,5,5,5,5,5,5,4,3,5,4,5,5,5,4,5,5,5,5,5,3,3,3,4,4,1,4,4,5,4,2,4,3,5,2,2,4,3
3,5,4,4,4,5,4,4,4,3,4,4,3,5,4,3,4,4,3,4,4,3,4,4,4,4,4,5,4,4,3,4,4,3,4,3,4,4,3,4,3,1,3,2,5,1,1,4,4
4,4,4,5,4,4,3,3,4,3,5,4,5,4,4,3,4,4,4,3,4,4,5,4,4,3,4,4,4,5,3,3,4,2,3,2,3,3,3,4,2,1,4,3,4,2,4,2,4
4,5,5,4,4,4,4,4,3,4,4,4,5,4,4,3,3,4,4,3,5,3,5,4,4,3,4,4,4,4,4,3,2,4,5,3,4,5,3,3,3,2,4,3,4,2,5,5,4
3,3,4,3,3,4,3,4,3,4,4,4,3,4,4,3,3,4,4,2,4,3,4,4,3,3,3,4,3,4,3,3,4,2,2,2,2,3,2,4,4,1,3,2,3,1,2,3,2
4,5,5,4,5,4,3,4,4,3,5,4,4,5,5,4,4,4,5,4,5,5,4,3,4,3,4,5,3,4,4,4,4,5,4,4,5,4,5,4,4,4,4,5,5,4,1,4,5
4,2.189832003,4,5,4,4,3,4,4,5,4,4,5,5,5,3,3,5,2,4,5,4,4,4,3,4,4,3,4,3,4,4,4,3,4,3,3,5,3,3,4,2,5,2,4,2,3,4,4