SCQ_1,SCQ_2,SCQ_3,SCQ_4,SCQ_5,SCQ_6,SCQ_7,SCQ_8,SCQ_9,SCQ_10,SCQ_11,SCQ_12,SCQ_13,SCQ_14,SCQ_15,SCQ_16,SCQ_17,SCQ_18,SCQ_19,SCQ_20,SCQ_21,SCQ_22,SCQ_23,SCQ_24,SCQ_25,SCQ_26,SCQ_27,SCQ_28,SCQ_29,SCQ_30,SCQ_31,SCQ_32,SCQ_33,SCQ_34,SCQ_35,SCQ_36,SCQ_37,SCQ_38,SCQ_39,SCQ_40,SCQ_41,SCQ_42,SCQ_43,SCQ_44,SCQ_45,SCQ_46,SCQ_47,SCQ_48,SCQ_49,age,sex
5,2,5,5,5,5,5,5,4,5,5,5,5,5,5,5,5,5,4,5,5,1,5,5,5,5,4,5,5,5,5,5,5,5,5,4,5,5,5,5,2,4,5,4,5,4,4,5,4,49,1
3,2,4,4,4,4,5,4,3,4,4,5,3,2,4,3,4,4,4,4,4,2,4,4,4,3,3,5,4,5,3,3,4,4,3,3,2,4,3,4,3,3,5,2,4,2,5,5,3,40,1
3,1,3,3,3,4,4,3,4,3,4,4,4,4,3,3,4,4,1,4,4,2,4,4,4,4,2,4,3,4,3,4,3,4,3,3,3,4,4,4,3,2,4,2,4,1,1,4,3,43,2
3,99,99,99,99,99,99,99,99,99,99,3,99,99,99,99,99,99,99,4,5,3,99,4,3,99,99,5,2,5,3,4,1,2,2,1,5,4,2,5,5,1,3,1,4,1,1,3,3,25,2
3,2,4,3,4,4,4,3,4,2,3,2,3,3,3,4,3,5,4,5,4,2,4,4,5,3,2,99,4,4,4,4,2,5,3,3,4,5,3,4,5,1,5,1,5,1,1,2,1,46,1
4,2,4,5,4,5,5,5,5,4,5,5,4,5,5,4,4,5,2,4,5,2,5,5,4,4,5,5,5,4,4,4,4,4,4,3,2,4,3,4,2,1,5,2,5,3,1,3,4,47,1
2,1,3,5,4,3,4,3,3,4,3,5,4,3,3,3,5,5,1,5,5,3,4,4,4,5,3,5,3,5,3,3,1,3,3,3,3,4,3,3,3,1,5,1,3,1,5,3,3,21,2
2,2,2,4,4,5,4,4,2,2,4,4,4,4,4,2,2,4,2,2,4,2,4,4,4,2,4,4,2,4,2,5,5,5,2,2,4,4,1,5,4,2,4,1,4,1,2,4,4,45,1
4,1,5,5,5,4,4,5,5,4,5,4,2,4,5,5,5,5,2,5,5,2,5,4,5,4,5,5,4,5,4,4,2,4,5,1,3,4,2,4,2,1,5,4,4,1,2,2,5,34,1
4,1,5,5,5,5,5,5,4,5,4,4,5,5,5,3,5,5,2,3,5,2,5,5,4,5,4,5,5,5,3,4,5,4,4,2,2,4,2,4,4,4,4,2,5,1,2,2,2,35,2
3,1,4,4,3,5,3,4,3,4,4,4,3,4,4,4,4,5,3,3,4,2,4,4,4,3,3,4,4,4,3,3,4,3,3,4,3,5,2,3,3,2,3,1,4,2,4,3,4,38,1
4,1,4,3,3,4,2,4,4,4,4,2,5,4,5,5,2,5,2,3,4,2,4,4,2,2,4,2,4,4,5,5,1,3,4,2,3,5,4,4,4,1,3,3,4,2,2,4,1,37,2
4,1,5,5,5,5,4,5,4,4,3,5,4,3,5,4,4,5,1,4,5,2,5,3,3,3,4,5,5,4,4,4,5,5,5,3,2,5,4,4,2,5,4,2,4,2,2,4,3,42,2
4,4,4,5,5,4,5,4,3,5,4,4,4,4,4,4,4,4,2,4,4,3,5,4,3,4,4,5,5,4,3,4,5,4,5,4,3,5,5,5,2,3,5,2,5,2,2,4,2,32,2
4,1,3,3,3,4,4,4,3,4,4,4,4,4,3,3,4,3,4,4,4,3,4,4,4,3,3,3,4,4,3,3,3,4,3,3,3,5,4,5,3,3,4,2,4,1,3,5,3,49,1
4,1,5,5,5,5,1,5,5,5,5,5,5,5,5,5,4,5,1,5,5,1,5,5,4,4,5,5,5,5,5,5,5,5,5,4,1,5,5,5,1,3,5,5,5,4,5,5,5,42,2
3,1,5,5,5,3,4,4,3,4,4,4,4,3,5,4,5,4,2,4,5,2,4,4,3,3,3,5,5,5,3,4,4,3,2,1,3,5,4,3,3,1,4,1,3,2,1,4,4,35,1
4,1,4,5,3,5,3,4,3,4,4,5,4,4,4,3,4,5,2,4,4,2,5,4,4,4,4,4,3,4,3,3,3,4,3,4,4,5,3,3,3,2,3,2,3,2,4,3,5,40,1
2,2,4,4,3,4,4,3,3,3,4,4,4,4,3,3,3,3,3,2,3,3,4,3,4,3,4,4,3,3,4,4,2,4,4,4,3,5,4,4,2,1,4,1,5,1,3,3,4,30,2
4,4,5,4,4,4,4,2,4,5,3,4,2,3,4,4,2,3,4,3,4,4,3,3,4,3,3,5,3,5,4,3,3,5,4,3,3,2,4,4,2,3,4,3,3,3,3,4,4,37,99
4,2,4,4,4,4,99,5,4,4,99,3,3,4,4,4,4,4,2,3,4,2,4,4,3,3,3,4,4,4,3,4,3,3,3,3,3,4,4,3,3,1,4,2,4,2,3,2,2,29,2
2,4,4,4,5,2,4,2,3,2,3,5,4,4,5,5,4,2,4,2,4,2,3,4,5,3,4,5,4,5,4,5,3,5,4,5,4,3,5,2,3,3,3,4,3,2,4,4,2,38,1
3,2,4,4,4,3,3,4,4,4,4,5,4,5,4,3,4,3,2,3,5,3,4,3,3,3,4,4,4,5,3,3,2,2,5,1,1,4,4,2,3,2,4,5,4,5,4,2,5,24,1
3,1,4,4,4,4,3,3,3,3,4,4,4,4,4,4,4,4,2,3,4,3,4,4,3,4,4,4,4,4,3,4,5,4,4,2,2,4,3,4,3,3,4,3,4,1,3,3,5,32,1
99,2,4,4,3,4,3,4,4,99,4,4,4,4,4,4,4,4,3,4,5,2,4,4,4,3,4,4,3,4,4,4,3,4,3,3,3,4,4,4,3,1,4,2,4,2,1,5,4,41,2
4,2,4,4,4,4,4,4,4,4,4,4,4,4,4,4,4,4,2,4,4,2,4,4,4,4,4,4,4,4,3,4,4,4,4,4,2,4,2,4,2,1,4,4,4,4,1,2,4,46,2
4,1,5,5,4,5,3,99,4,5,5,5,5,4,3,4,3,5,2,3,4,2,4,5,3,4,5,5,5,4,4,2,5,3,5,3,3,5,4,5,2,2,4,1,5,2,2,3,3,24,1
5,1,4,3,4,5,3,5,4,4,4,4,4,4,4,4,4,4,1,5,5,3,4,4,5,4,4,4,4,4,3,4,4,3,3,3,2,3,2,2,3,1,3,3,4,1,5,3,4,38,1
5,4,4,2,2,3,3,5,3,3,3,4,4,4,4,4,2,4,3,3,5,4,3,2,3,2,3,2,4,3,4,5,4,3,4,3,3,3,4,2,3,2,2,3,2,4,4,4,3,31,1
4,1,4,4,4,4,4,5,5,4,5,5,5,5,5,3,5,4,2,2,4,1,5,4,3,3,4,5,4,5,4,3,4,3,4,4,2,4,4,4,4,1,5,4,5,4,3,4,4,33,1
5,2,3,5,4,4,4,4,3,4,4,4,4,4,4,3,4,4,2,3,5,2,4,3,5,4,4,4,4,4,4,4,4,4,4,4,4,4,3,4,2,5,4,2,4,2,3,3,5,59,1
3,2,4,3,3,3,4,4,99,3,3,4,4,4,3,4,3,4,3,4,4,4,3,3,99,3,3,4,4,4,2,3,3,2,3,2,3,4,3,3,4,2,4,2,4,2,4,3,2,28,1
4,1,4,4,5,4,3,4,3,5,5,5,4,4,4,4,5,4,2,4,5,2,4,4,5,2,4,5,4,5,4,4,2,3,2,1,3,4,3,4,3,1,3,1,4,1,1,3,4,38,1
3,2,4,4,4,4,4,4,4,4,4,5,4,4,4,4,4,4,3,4,4,2,4,4,4,4,4,4,4,4,4,4,4,4,3,3,4,5,3,4,3,1,4,3,4,2,3,3,3,54,1
4,2,4,4,4,4,3,4,3,4,4,4,4,4,4,5,5,4,2,4,5,2,4,4,4,4,4,4,4,5,4,4,4,4,4,3,4,5,4,4,3,1,4,3,4,2,3,4,4,56,1
4,2,3,4,4,5,3,4,4,3,5,4,4,4,4,4,4,5,2,4,3,1,5,2,5,2,4,3,5,4,2,5,5,2,3,2,3,5,4,5,2,1,3,1,4,1,2,1,3,46,1
2,5,3,3,2,2,2,1,2,3,3,2,2,2,99,2,2,2,3,4,3,1,2,99,99,3,2,99,99,2,99,2,1,2,5,3,99,2,2,3,2,2,2,5,1,2,5,5,2,30,2
2,2,2,5,4,4,3,5,5,4,5,5,5,4,4,4,4,4,3,4,3,3,5,5,4,3,5,5,4,5,2,3,4,4,3,3,2,4,3,3,3,2,4,3,4,3,2,5,5,42,1
3,2,4,4,4,4,3,5,3,3,4,5,4,4,5,3,4,4,2,4,4,3,4,5,4,3,5,4,4,5,5,3,2,4,4,3,3,5,2,5,3,1,5,1,5,2,3,3,4,43,1
2,1,5,5,5,5,99,99,5,4,5,5,5,99,5,5,5,4,3,3,5,2,5,2,5,5,5,5,3,5,2,99,1,1,5,2,3,5,1,2,2,1,3,1,2,1,3,4,3,41,2
5,2,5,5,4,5,4,5,3,4,4,5,4,5,4,4,5,4,3,5,4,1,5,5,5,5,4,5,4,5,3,5,3,4,4,3,4,4,5,4,3,1,4,3,5,2,2,4,4,41,2
4,2,4,4,4,3,4,3,5,4,5,4,4,4,4,3,4,4,3,3,4,3,4,4,5,3,4,5,4,4,4,4,2,3,3,2,4,3,3,4,5,3,4,2,4,2,1,2,3,42,1
5,1,4,5,5,4,3,5,4,4,4,4,4,3,4,4,5,4,1,4,4,1,4,3,2,3,4,5,4,4,3,4,5,3,4,2,2,4,4,5,2,1,5,3,5,4,1,3,3,52,2
4,2,5,5,3,4,3,4,4,2,4,4,4,99,5,4,4,4,2,5,4,2,4,4,3,4,3,4,5,4,3,3,4,99,5,3,2,4,3,2,4,3,4,1,5,1,5,99,4,39,1
2,1,3,4,4,4,3,3,4,4,4,4,4,3,3,4,4,4,99,3,4,1,4,3,4,4,4,4,3,4,4,3,1,2,3,2,4,4,2,3,3,1,4,2,3,1,1,2,4,52,1
4,3,4,4,4,5,4,4,4,4,4,4,4,4,4,4,4,4,3,4,4,3,4,4,4,4,4,5,4,5,5,4,4,4,3,3,4,5,4,4,3,2,4,3,4,2,3,4,3,35,1
2,2,3,5,5,99,5,5,99,2,4,99,5,2,5,99,2,99,1,4,99,3,5,3,3,4,5,5,4,3,2,4,4,3,5,4,5,3,2,5,3,1,4,2,5,4,3,2,1,19,1
2,2,4,4,4,4,4,4,4,4,4,4,4,4,4,4,4,4,2,4,4,2,5,5,5,4,4,4,2,4,4,3,4,4,4,2,2,4,4,4,2,2,4,2,4,2,4,4,4,39,1
5,1,5,5,5,5,4,5,5,5,5,4,5,5,5,5,4,5,1,3,5,1,4,2,4,3,5,5,5,5,3,4,5,4,5,2,2,5,4,5,2,4,4,3,5,2,3,3,5,51,1
3,3,3,3,3,3,3,3,3,3,3,3,3,3,3,4,3,3,2,3,4,2,3,3,3,3,3,4,3,4,3,3,5,3,3,3,3,4,2,4,4,1,3,2,4,2,3,3,3,41,1
3,2,4,4,3,4,3,4,3,4,4,4,3,4,4,3,4,4,2,2,4,3,4,4,4,2,3,4,3,4,3,4,2,2,2,2,4,4,4,4,2,2,4,3,4,2,2,4,2,46,2
4,4,5,5,4,4,4,4,4,4,2,4,4,5,2,2,2,2,4,5,2,1,4,1,2,2,4,2,5,4,4,5,4,4,4,1,4,5,5,3,4,1,5,1,5,1,1,2,1,49,1
4,1,5,99,99,4,4,4,4,3,4,4,5,4,5,5,4,5,2,5,5,3,5,5,5,4,3,5,5,4,4,4,4,4,99,4,4,99,4,5,4,2,99,3,5,2,4,3,4,33,2
4,1,5,5,4,4,4,5,4,4,4,4,4,4,5,4,4,4,1,5,5,2,4,5,4,4,4,4,5,4,3,4,3,4,4,4,2,5,4,4,3,1,4,2,4,2,4,3,4,44,1
2,2,3,4,3,5,4,3,3,3,3,3,5,4,4,2,3,4,3,4,2,3,4,3,3,2,3,4,2,3,3,3,4,2,3,2,3,4,2,4,4,4,4,3,5,2,3,3,4,44,2
3,2,4,4,4,4,4,4,4,4,4,4,4,4,4,4,4,4,4,3,3,1,5,3,4,4,3,4,4,4,3,4,5,4,4,2,2,5,2,5,2,4,4,3,5,1,5,4,3,27,1
4,2,4,4,4,5,4,4,4,4,4,4,2,5,4,3,5,4,2,4,5,3,5,5,4,3,4,5,4,5,4,4,2,1,4,1,2,5,2,4,2,1,4,1,5,1,2,3,4,41,1
3,2,4,4,4,4,4,4,4,5,4,4,4,4,4,3,4,4,2,3,4,3,4,4,4,3,3,4,5,4,3,4,3,3,4,3,2,4,5,5,4,4,4,3,4,2,2,4,4,41,2
3,1,4,4,3,4,4,5,5,4,5,5,5,4,5,5,4,3,2,3,4,2,5,3,4,2,4,5,5,4,4,4,4,3,4,2,2,99,3,3,2,1,4,1,4,1,3,3,2,61,1
3,2,4,5,4,5,4,5,4,5,4,5,4,4,3,5,4,4,3,4,5,3,4,4,5,99,3,5,4,5,3,2,4,3,5,3,2,5,4,4,2,4,4,2,5,2,3,4,2,29,2
4,1,5,5,5,5,5,5,5,5,5,5,5,5,5,4,5,5,1,5,5,1,5,5,4,4,5,5,5,5,5,5,2,3,4,3,2,5,4,5,3,2,4,2,5,2,3,4,3,53,2
4,2,4,4,4,4,3,4,3,3,4,2,4,4,4,2,2,4,2,3,4,2,4,4,2,2,4,3,4,4,2,4,2,1,4,2,2,4,2,4,3,1,3,1,4,1,2,2,2,44,2
4,2,4,5,2,4,5,4,4,4,4,5,4,2,4,2,4,4,2,4,4,1,4,4,4,2,4,5,4,4,4,2,4,5,4,2,1,5,2,4,2,2,5,2,4,2,2,2,2,49,2
4,2,4,4,4,4,2,3,3,2,2,4,2,2,4,3,3,4,2,4,4,3,4,4,3,4,4,2,4,2,2,4,4,4,4,2,4,4,3,3,3,2,2,2,4,2,2,4,4,37,1
4,2,4,5,4,2,3,3,2,3,3,4,4,3,4,2,4,4,3,5,3,2,4,5,4,4,2,4,4,5,2,4,3,2,2,2,3,4,2,4,4,1,4,1,4,1,4,2,2,46,1
3,2,4,3,3,3,3,3,3,3,3,3,3,3,3,3,3,3,3,3,3,3,3,3,2,3,3,4,2,4,3,3,4,2,3,1,5,4,3,4,5,1,3,1,4,1,3,1,1,42,1
99,2,4,4,99,4,99,99,4,4,4,99,4,5,5,4,4,4,99,4,5,1,5,4,4,99,4,5,4,5,4,4,5,4,5,2,2,5,5,5,4,1,5,2,5,2,1,3,5,33,1
4,1,5,5,4,5,4,4,5,5,5,5,5,5,5,5,4,5,1,5,5,2,4,4,5,4,5,5,5,5,3,5,3,4,4,2,3,5,4,4,2,1,4,1,5,1,4,4,2,50,1
4,2,4,4,4,4,4,3,3,4,4,4,4,4,4,4,3,4,2,3,4,3,4,3,4,3,3,4,3,4,3,4,1,4,4,2,2,4,4,4,2,1,4,1,4,1,2,3,4,26,2
4,3,4,2,2,4,1,4,2,5,3,4,3,4,5,4,5,3,2,3,3,5,3,4,4,5,2,5,3,2,3,2,2,5,3,5,3,3,2,2,3,3,2,2,4,3,5,4,4,36,1
3,1,5,4,4,5,4,4,4,4,4,4,4,4,4,5,4,4,2,3,4,2,4,3,4,4,4,4,4,4,4,4,4,3,3,2,2,4,3,4,3,2,5,3,4,2,4,3,4,28,1
3,3,3,3,3,3,4,3,3,4,3,4,4,4,3,3,4,3,3,4,3,3,3,3,3,3,3,4,4,4,3,3,5,4,4,3,4,5,4,3,3,1,3,3,4,4,1,3,3,52,2
3,1,5,2,5,4,2,2,4,2,2,4,4,4,5,3,3,5,2,4,5,2,5,4,5,4,5,4,5,4,4,3,2,3,2,4,3,5,2,5,2,1,5,1,5,1,2,2,4,30,1
5,1,5,5,5,5,5,5,5,5,5,5,5,5,5,5,5,5,1,5,5,2,5,5,5,5,5,5,5,5,4,5,5,4,5,5,2,5,5,5,3,1,5,4,5,3,5,3,4,44,2
2,2,4,4,3,3,3,4,4,4,4,4,3,4,4,3,3,3,3,3,4,3,4,4,3,3,3,5,4,5,3,3,5,4,2,2,5,1,2,1,2,1,3,1,3,1,2,1,1,27,1
2,2,3,4,4,4,2,4,4,4,4,4,3,4,4,3,4,4,3,3,4,2,5,3,4,2,3,4,3,5,3,3,2,3,4,3,4,4,2,4,4,1,3,1,4,1,3,3,2,43,2
4,2,4,3,4,4,3,4,3,4,4,4,3,4,4,4,4,4,2,4,3,2,4,3,4,3,4,4,3,4,3,3,2,3,4,3,2,4,3,3,2,2,4,3,4,2,4,4,3,32,2
4,1,4,5,5,4,4,5,4,4,5,4,4,5,4,3,5,5,1,3,5,2,5,5,4,3,5,4,4,5,3,4,3,4,5,3,2,5,4,5,2,3,4,3,5,4,4,3,5,38,2
5,2,5,5,5,5,5,5,4,5,5,5,5,5,5,5,5,4,2,3,5,1,5,5,5,5,4,5,5,5,4,3,3,5,4,3,2,5,4,5,2,1,5,3,5,1,4,3,2,43,1
4,2,4,4,5,4,3,3,3,3,3,3,3,4,4,3,4,3,2,2,4,2,4,4,4,3,3,4,4,4,3,4,4,3,4,3,2,4,2,3,2,2,4,2,4,2,3,3,4,47,1
99,1,99,4,99,99,5,99,4,5,4,5,5,5,5,5,4,5,2,4,99,2,5,5,5,5,99,99,99,5,5,5,99,4,99,99,2,99,4,3,2,2,4,4,5,5,4,3,5,62,1
4,1,4,4,4,5,4,4,3,3,4,3,5,4,5,1,3,4,2,4,4,1,4,4,3,3,4,3,4,3,2,5,2,4,3,4,3,5,3,4,4,1,5,1,5,1,2,3,5,38,1
3,2,4,4,4,3,4,3,3,3,4,4,3,3,4,4,4,3,99,3,4,2,4,3,3,3,3,3,4,4,3,4,4,3,4,3,3,5,3,3,3,1,3,3,3,3,3,3,2,38,1
4,2,3,4,4,4,4,4,4,4,4,4,4,4,4,3,4,4,2,4,4,2,4,4,4,2,4,4,4,4,3,4,2,3,4,2,3,4,2,3,2,2,3,2,4,2,2,3,2,40,2
4,2,5,4,5,4,4,3,4,4,4,4,3,5,4,5,5,4,2,5,4,3,4,3,5,3,3,4,4,5,3,4,3,3,3,2,4,3,4,4,3,3,4,2,4,2,2,3,4,45,1
2,4,3,4,3,3,4,2,2,2,5,4,3,4,4,2,5,3,4,2,4,3,5,3,2,4,5,3,2,4,2,4,3,4,5,1,2,3,5,3,4,3,4,2,3,4,3,2,5,32,1
3,2,4,5,5,4,3,4,4,4,3,3,4,4,4,2,3,4,2,4,5,2,5,5,4,2,4,4,4,4,2,3,5,5,5,3,2,2,2,3,2,2,4,3,5,2,3,3,4,36,1
2,2,2,3,3,5,3,4,4,4,4,4,5,4,4,3,4,4,2,3,4,2,4,4,3,4,4,5,4,5,3,3,5,3,4,2,3,4,4,5,3,2,4,3,4,2,2,3,4,53,2
5,1,4,5,4,5,4,5,5,4,5,5,4,4,4,4,4,5,3,3,5,1,5,5,5,4,3,5,5,4,3,3,5,4,5,5,2,5,5,4,2,1,4,2,5,2,1,3,5,34,2
4,1,4,5,5,5,4,5,5,5,5,5,5,4,5,3,5,4,1,5,5,1,5,5,5,3,4,5,5,5,4,5,2,4,4,3,2,4,5,4,3,1,4,1,4,2,3,3,4,45,1
3,2,4,4,4,3,4,3,3,3,3,3,3,3,3,4,3,4,3,3,4,3,3,4,3,4,4,3,4,3,3,4,4,3,4,4,3,4,4,4,3,3,3,3,4,2,4,3,4,37,1
4,2,5,4,4,4,3,5,3,4,5,5,4,4,4,5,5,3,2,4,4,1,4,4,3,4,4,4,4,4,3,4,5,3,4,3,2,4,4,5,4,1,3,2,5,1,2,2,3,44,1
4,1,4,4,5,2,4,5,5,3,4,5,3,4,4,5,4,4,2,4,4,2,4,4,3,3,4,4,4,5,3,4,3,3,4,4,3,99,2,4,3,2,4,3,5,2,3,3,4,37,1
99,1,5,4,99,4,4,5,4,5,5,4,4,4,4,4,5,4,1,4,5,1,5,4,4,4,4,5,4,5,4,4,4,5,3,4,2,5,4,3,2,1,4,3,5,2,2,3,3,60,1
3,1,4,3,4,2,4,3,3,1,2,2,2,4,4,4,1,4,1,5,4,3,4,4,4,2,4,2,4,4,3,4,4,4,3,3,2,4,4,4,2,4,4,3,4,1,1,5,4,48,1
5,1,5,4,5,4,3,5,4,4,5,5,3,5,5,4,5,4,99,3,4,1,4,3,5,3,4,5,5,5,2,5,4,4,4,2,1,4,5,5,2,1,3,2,3,1,2,2,5,35,2
3,2,3,4,3,4,5,4,4,4,5,4,4,5,4,4,3,4,3,3,4,3,5,4,4,3,4,5,3,4,3,4,4,3,3,3,3,4,3,4,3,1,4,2,5,2,3,3,4,45,2
4,1,3,3,2,1,3,3,99,3,3,2,3,3,3,2,3,4,1,4,5,1,4,4,2,3,5,3,2,4,2,5,4,3,3,1,2,4,3,1,3,1,2,1,2,1,1,1,5,65,1
3,2,4,5,5,3,4,4,3,3,3,3,3,4,4,3,4,4,2,3,5,2,4,4,4,3,3,4,4,4,3,4,3,3,4,2,3,4,3,3,2,2,3,1,4,1,4,3,4,53,1
3,1,4,4,4,4,4,4,4,3,4,5,4,3,4,5,5,4,4,5,4,2,5,4,3,4,4,4,3,3,5,4,5,3,3,2,4,4,1,5,2,1,5,1,5,1,3,5,4,35,1
4,2,5,4,4,4,4,5,4,4,4,4,4,5,4,4,5,4,2,4,5,2,5,4,3,4,4,4,4,4,4,4,4,4,5,4,2,5,5,4,2,4,4,2,4,3,3,5,3,54,2
4,1,5,4,5,5,4,4,4,4,5,3,4,4,4,4,3,5,2,3,5,3,4,3,3,2,4,5,4,4,3,3,2,3,2,3,3,3,2,5,5,1,4,2,5,1,1,2,1,21,1
2,2,4,3,5,4,99,3,4,3,3,4,3,4,4,4,4,4,2,3,5,3,4,4,4,4,4,4,5,5,4,5,3,4,4,4,2,4,4,3,3,1,4,1,4,1,4,2,1,52,1
2,3,4,2,4,4,4,3,3,2,4,5,4,4,4,3,3,4,99,2,3,3,4,4,4,2,3,3,4,4,2,4,1,4,4,2,4,3,3,2,3,1,3,1,4,1,3,3,1,61,1
4,1,5,5,5,4,4,5,4,4,5,4,5,4,5,5,5,4,1,4,5,1,5,3,5,3,5,5,4,5,5,4,4,3,5,3,2,4,3,5,2,1,4,2,5,2,3,3,3,50,1
4,4,5,4,5,4,4,5,5,4,4,4,4,4,4,4,4,4,2,4,5,2,5,4,4,4,4,5,5,4,3,4,5,3,4,5,2,4,4,5,2,2,5,4,4,2,4,4,4,34,2
4,1,4,4,5,5,3,5,5,5,5,5,5,5,5,4,5,5,1,4,5,1,5,4,5,4,5,5,4,5,5,5,4,3,5,4,2,5,5,4,3,1,5,4,5,2,4,3,4,45,1
4,1,4,4,4,4,5,4,4,5,5,4,4,3,5,1,1,4,1,5,5,2,5,3,1,3,5,4,4,2,1,4,4,4,4,2,2,4,3,5,4,1,4,3,5,1,3,5,4,38,1
3,2,4,4,1,4,3,4,4,3,4,5,4,3,3,3,4,4,3,3,3,3,4,4,1,1,4,5,1,4,4,4,5,4,4,4,3,4,2,5,3,1,4,1,5,1,2,3,5,47,1
4,1,5,4,3,4,3,3,4,4,4,3,5,4,4,3,4,4,2,4,5,2,4,3,4,3,5,4,2,4,2,3,4,3,4,3,2,5,3,3,4,2,4,4,4,3,5,4,4,40,1
4,2,5,4,5,5,4,4,5,3,4,5,4,5,5,4,5,4,3,3,5,3,5,4,4,3,5,5,3,5,3,4,2,3,4,4,3,5,3,4,4,2,3,2,4,2,3,3,3,46,1
4,1,5,5,5,4,5,4,5,5,5,4,4,4,5,4,5,5,2,4,4,2,5,4,4,3,4,5,5,5,4,4,2,2,2,4,2,2,4,5,4,2,4,1,5,1,4,2,2,37,2
2,3,3,3,3,3,3,99,3,3,3,3,3,3,3,3,3,3,3,3,3,3,3,4,3,3,5,4,3,4,3,3,3,3,4,3,3,3,3,4,2,1,3,3,5,2,3,2,5,52,1
2,1,5,4,4,4,4,4,3,4,4,4,4,5,4,4,5,4,4,4,4,1,4,4,4,5,4,4,4,5,3,4,3,4,3,2,4,4,4,4,3,2,4,2,4,1,3,3,2,36,1
4,2,4,4,5,5,4,3,4,3,3,4,4,4,5,3,4,4,2,3,5,2,4,4,5,3,3,5,4,5,2,3,1,3,5,2,3,5,3,4,4,2,5,2,5,2,1,2,2,35,2
4,1,5,4,4,5,4,5,5,5,5,5,4,5,5,4,4,4,2,4,5,1,5,5,5,4,4,5,4,5,4,4,5,4,5,3,1,5,5,5,2,4,5,2,5,3,3,5,5,46,2
5,1,5,5,5,5,3,5,5,5,5,5,5,5,5,5,5,5,1,5,5,1,5,5,4,5,5,5,5,5,3,4,5,5,3,3,2,5,3,5,2,1,5,3,5,4,3,3,5,65,1
5,1,4,5,5,5,5,4,5,3,5,4,5,5,5,5,4,5,2,3,5,1,5,4,5,3,4,5,3,5,3,5,5,5,4,3,2,5,4,3,4,1,5,4,5,4,3,4,5,37,2
4,1,4,4,3,4,3,3,4,3,3,4,3,3,4,2,4,4,1,4,4,2,4,4,4,3,4,4,4,4,4,4,4,4,4,2,4,4,2,4,4,1,4,3,4,1,4,4,2,31,2
4,1,4,4,4,5,4,5,4,4,5,5,4,5,4,2,5,4,1,4,5,1,5,4,4,4,4,5,4,5,5,4,4,4,4,4,2,5,4,5,1,1,5,4,5,1,2,4,4,41,2
3,1,4,5,4,4,3,5,3,4,4,5,4,4,3,3,4,4,1,4,5,2,5,5,5,2,4,4,3,5,4,4,5,1,5,3,3,5,4,5,1,1,5,1,5,1,5,2,5,33,2
5,1,5,5,4,4,3,5,4,5,5,4,5,3,4,3,5,4,1,3,5,1,5,3,4,4,4,5,4,5,3,4,5,2,4,2,2,5,4,5,4,1,3,3,3,1,4,3,1,36,2
3,1,4,4,4,5,3,3,4,4,4,3,2,4,3,5,2,4,3,5,5,2,3,3,3,4,3,4,5,4,3,3,2,3,4,2,4,4,3,2,2,1,3,1,4,1,1,3,4,33,1
4,3,4,4,4,5,4,4,5,4,4,4,5,5,4,4,4,4,3,3,4,3,5,4,5,4,4,5,5,4,4,4,2,3,4,3,3,5,3,4,4,2,5,3,4,4,3,3,4,39,1
3,1,5,5,5,5,3,5,5,3,99,5,3,3,5,3,3,3,1,5,4,2,5,5,5,5,4,5,5,5,3,5,3,4,5,2,1,5,4,5,1,1,4,5,5,2,5,3,4,57,2
3,1,5,5,5,5,4,5,4,5,5,5,4,5,5,4,5,5,3,3,5,2,5,4,5,4,5,4,5,5,4,4,2,3,5,4,1,5,4,5,3,1,4,4,5,2,2,4,4,36,2
2,2,5,5,2,4,5,5,5,4,5,5,5,5,5,5,4,5,3,4,5,4,5,5,5,5,5,5,5,5,3,4,2,2,3,4,2,2,1,5,5,5,5,1,5,1,5,5,5,30,1
2,4,2,2,2,1,4,4,4,2,2,2,2,2,5,1,1,4,1,4,4,2,4,5,1,1,2,4,2,4,1,2,4,3,3,2,2,5,1,4,1,1,4,2,5,1,1,4,99,52,1
4,2,4,5,2,5,2,4,4,5,4,2,4,4,4,4,5,4,2,2,4,2,4,4,2,4,4,5,4,4,2,4,5,3,4,4,4,3,4,4,2,2,4,2,5,4,2,4,4,25,2
4,2,4,2,99,4,4,4,4,4,4,4,4,4,4,4,4,4,4,2,2,4,3,4,3,3,4,4,4,4,4,3,4,3,3,2,4,4,3,4,3,1,4,2,4,2,4,2,4,55,1
5,1,4,4,3,5,5,4,3,3,4,5,4,3,4,3,4,5,1,2,4,1,4,4,1,2,3,5,4,5,1,4,4,5,5,4,3,4,4,5,1,1,4,1,5,1,5,5,4,32,2
5,1,5,5,4,5,4,4,5,5,5,5,5,5,5,5,5,4,1,4,5,1,5,3,5,4,5,5,5,5,4,5,5,5,3,4,1,5,5,4,3,2,4,4,5,3,4,5,4,57,2
3,3,4,3,3,4,4,3,4,4,4,4,3,4,4,3,4,4,4,3,3,3,4,4,3,2,4,4,3,5,3,2,4,5,4,3,3,3,4,5,2,1,5,2,4,2,3,4,4,44,1
2,5,2,3,3,5,3,2,4,3,4,4,2,5,4,4,2,5,3,4,4,5,2,3,4,4,3,2,2,2,3,4,3,3,2,4,3,4,3,2,5,5,5,3,4,3,2,2,5,33,1
4,2,5,4,5,5,3,4,3,4,4,4,4,5,4,4,5,4,2,3,4,2,5,4,4,3,4,4,5,5,3,4,5,4,4,4,3,5,4,4,2,2,4,3,4,3,5,3,5,34,2
4,1,4,5,4,5,3,4,4,5,5,5,5,5,5,4,5,5,1,4,5,1,5,4,4,3,4,5,5,4,4,5,3,3,3,3,2,5,4,5,2,1,5,3,3,1,1,3,5,65,1
5,1,5,4,5,5,2,4,5,5,4,5,3,5,4,3,4,5,1,3,4,1,4,3,4,3,5,5,4,5,3,3,5,4,3,1,3,5,5,4,3,2,3,1,4,1,4,3,4,50,1
4,1,3,5,4,5,5,3,2,3,5,4,5,3,4,3,4,5,1,5,5,2,5,4,4,3,3,4,3,5,4,5,5,4,4,3,2,5,5,5,3,1,5,3,5,3,2,4,2,57,2
4,2,4,4,4,4,4,4,3,3,4,4,4,4,4,4,4,4,2,3,4,2,4,4,4,2,3,4,4,4,2,4,4,4,4,2,2,5,2,4,2,2,4,2,4,2,2,2,4,35,1
2,1,1,4,2,99,1,1,99,1,99,2,99,2,2,2,1,2,5,1,1,4,1,2,1,1,5,3,1,1,1,4,1,5,1,2,99,1,1,99,2,1,99,1,99,1,1,1,99,38,2
4,1,5,5,5,4,4,4,3,4,5,4,5,3,5,5,4,4,5,5,5,1,4,5,5,4,4,4,5,4,4,4,3,5,4,2,2,4,5,5,4,4,4,2,5,1,4,5,2,25,1
4,2,4,3,4,2,2,2,3,2,3,4,3,3,3,4,3,3,2,3,4,2,3,3,4,2,3,3,4,5,2,4,5,3,3,3,3,5,2,5,4,1,99,1,99,1,4,2,1,53,1
5,1,4,3,4,5,2,4,3,3,4,5,5,4,4,2,4,5,2,4,4,2,5,3,4,3,3,4,4,4,3,4,4,4,3,4,2,4,3,4,2,3,3,3,5,3,2,3,3,33,1
4,1,5,99,4,4,4,4,4,5,5,5,5,4,99,3,99,4,1,4,5,1,5,3,3,3,4,5,99,5,4,4,99,3,4,2,2,5,4,5,2,1,5,4,4,5,4,4,5,45,2
4,2,4,4,4,4,2,4,3,3,3,4,4,3,4,1,2,4,2,2,5,1,2,4,2,2,2,3,4,4,1,2,4,4,5,4,2,5,4,5,4,1,4,1,5,1,4,3,4,38,1
3,3,4,3,3,4,3,3,3,3,3,5,3,5,3,3,3,3,2,4,5,3,3,4,3,3,3,4,4,3,3,99,4,3,4,2,3,5,5,4,3,2,4,2,4,3,4,4,3,33,2
3,1,5,4,4,4,4,4,4,4,5,4,4,4,4,4,4,4,1,4,4,3,4,3,4,4,4,4,4,5,4,5,4,4,4,3,4,99,4,4,3,1,4,4,4,2,2,4,3,57,2
4,2,4,5,5,4,3,4,3,4,5,3,4,4,4,3,4,4,3,3,3,2,4,4,3,3,4,4,4,4,4,3,4,3,4,3,2,5,4,4,3,1,5,2,5,3,2,4,4,44,2
4,2,4,4,4,4,4,4,4,4,4,4,4,4,4,4,4,99,2,4,4,2,99,4,4,4,4,4,4,4,4,4,2,4,4,2,2,4,4,4,2,4,4,3,4,2,2,4,4,53,1
3,2,4,4,4,4,3,4,3,3,3,3,3,4,3,3,3,3,3,4,4,3,3,3,5,4,3,5,4,3,3,5,99,3,3,2,3,4,3,4,4,1,4,1,4,2,3,4,4,48,1
3,1,4,4,3,3,3,4,3,3,5,3,3,3,4,3,3,5,1,3,4,1,4,4,2,3,4,5,4,4,4,4,5,4,4,3,2,5,3,5,3,1,3,2,5,1,5,4,2,45,2
4,1,5,4,3,4,4,4,5,4,3,3,3,4,4,4,4,4,2,4,4,2,2,4,4,4,4,5,4,4,4,3,3,99,4,1,2,4,2,5,5,1,2,1,4,1,1,3,2,29,2
2,1,5,5,5,5,4,5,3,2,4,1,5,3,5,5,2,5,1,5,4,1,2,4,2,2,4,5,4,4,4,3,5,4,4,2,3,5,4,4,2,2,3,1,5,1,1,5,3,40,1
3,2,4,5,4,5,4,4,4,4,5,4,4,4,4,4,4,3,2,4,5,2,5,4,3,3,4,4,3,4,4,4,3,4,3,3,3,4,4,3,4,1,4,2,4,3,3,4,3,36,2
4,3,4,4,4,5,4,4,4,4,4,4,4,4,4,4,4,4,3,4,4,4,4,4,3,3,4,5,4,4,4,4,3,3,5,3,3,5,5,3,3,2,4,3,4,2,4,4,4,40,1
2,2,3,2,3,4,3,3,4,4,4,4,3,4,4,3,4,2,2,3,4,2,3,2,3,2,3,4,3,4,2,4,2,2,2,2,4,4,4,4,2,2,4,1,4,2,4,2,4,41,1
3,3,3,99,3,4,2,5,3,4,4,3,3,3,4,3,5,4,3,2,2,2,2,2,2,3,4,2,2,5,4,2,2,2,2,2,2,4,2,2,2,1,99,1,2,2,1,5,2,23,1
3,2,4,4,4,4,4,4,5,4,4,5,4,4,4,4,4,5,3,4,5,2,5,4,4,4,4,5,4,5,4,3,4,3,4,3,3,5,3,4,3,1,4,2,4,2,3,3,3,40,2
2,1,4,4,3,4,99,4,3,4,4,4,4,4,4,4,4,3,3,3,5,4,4,4,1,3,3,5,4,5,3,3,5,4,3,2,2,5,4,3,2,1,4,1,4,1,5,5,4,35,2
3,5,2,5,3,2,2,4,5,5,4,3,2,2,3,2,4,5,4,3,5,5,3,5,2,4,2,3,4,3,2,4,4,5,2,4,3,2,2,3,5,3,4,2,3,3,3,5,3,34,1
3,3,4,4,4,3,3,4,4,4,4,3,4,4,3,4,4,4,3,4,3,3,2,3,3,3,4,3,4,4,4,3,4,4,3,3,5,2,5,3,4,3,4,3,3,4,4,3,5,40,1
5,3,5,5,5,5,3,5,4,4,5,5,5,5,5,3,5,4,1,5,5,1,5,4,5,4,3,4,5,5,3,4,4,3,4,3,2,5,4,4,3,5,4,5,4,3,3,4,4,40,2
4,5,4,4,4,3,4,4,4,4,4,4,4,4,4,4,4,4,1,4,4,1,4,5,5,1,4,4,4,4,1,5,2,2,1,1,5,4,1,3,5,1,3,1,3,1,5,3,1,51,1
4,2,4,4,4,4,4,4,4,4,4,4,4,4,4,4,4,4,3,4,4,2,4,4,4,3,4,4,4,4,3,4,4,4,4,2,4,4,4,4,2,1,4,2,4,3,4,4,4,41,2
4,1,4,4,4,4,4,5,4,5,4,5,5,4,5,4,5,4,99,3,5,2,5,4,4,3,4,5,4,5,4,4,3,3,4,3,2,4,4,4,2,2,5,2,4,2,2,4,4,30,1
3,1,5,3,5,4,2,3,4,3,2,2,3,1,4,2,3,3,3,3,5,2,5,5,4,3,4,5,5,4,3,4,4,4,5,3,1,5,3,4,2,1,4,3,4,3,3,4,3,56,1
3,2,4,3,4,4,4,4,4,4,5,4,4,4,4,3,4,4,3,4,3,2,4,4,3,3,4,4,3,5,4,4,4,3,2,1,3,4,2,3,3,1,3,1,3,1,2,3,5,50,1
3,4,4,4,5,4,4,3,4,4,4,3,3,3,4,99,4,4,2,4,4,2,4,4,4,3,2,4,5,5,3,4,3,3,5,3,1,5,4,4,3,1,4,3,4,2,2,3,4,41,2
2,1,3,2,3,5,4,3,5,2,3,5,3,2,4,5,5,5,2,4,1,3,4,4,3,3,4,3,3,5,4,4,4,2,2,1,2,3,1,3,4,1,3,1,3,1,5,1,2,48,1
3,2,3,3,4,4,99,3,99,3,3,3,3,4,4,2,3,3,2,4,5,2,4,3,3,3,3,4,4,4,3,4,2,3,4,3,3,5,2,4,3,1,3,1,4,1,2,3,3,29,1
3,1,5,5,5,5,5,3,3,4,3,3,3,5,5,3,4,3,1,5,5,1,5,4,1,3,1,5,1,5,1,5,1,3,3,3,1,3,1,4,3,1,2,1,5,3,3,5,1,55,1
3,2,4,3,4,3,3,3,4,3,3,4,4,3,4,3,4,4,2,3,4,2,4,4,4,3,3,4,4,4,3,3,4,3,3,2,2,4,4,4,2,1,3,1,4,2,1,3,3,52,2
3,1,3,3,3,4,3,3,3,3,3,4,3,4,3,3,3,3,3,3,3,3,4,3,3,3,3,4,3,4,99,3,3,3,3,4,3,4,3,4,3,1,3,3,4,3,3,3,4,45,1
4,1,5,5,4,5,4,4,5,5,4,5,5,5,5,5,5,4,1,4,4,2,4,5,4,4,3,5,5,5,5,4,4,2,4,1,3,4,1,3,3,1,3,3,4,2,2,2,3,57,2
4,1,4,4,4,4,4,4,4,4,4,4,4,4,4,4,4,4,1,4,4,1,4,4,3,2,4,4,4,4,3,4,4,3,4,3,2,5,3,4,2,2,4,1,4,1,2,3,3,29,2
5,2,4,5,5,4,4,4,4,4,4,4,3,5,4,4,4,4,2,4,5,2,4,5,4,5,4,4,4,4,4,4,5,3,4,3,2,5,4,4,2,99,4,3,5,3,3,3,4,64,2
2,4,4,5,3,4,5,2,4,5,3,99,2,3,3,3,4,4,5,2,5,4,4,4,4,2,4,99,5,99,99,5,1,4,3,3,99,4,2,5,4,1,4,1,5,1,4,1,5,38,1
4,5,4,5,4,5,4,5,5,4,4,5,4,5,5,5,5,5,5,4,4,2,4,4,4,4,5,5,5,5,4,5,5,5,4,4,4,4,4,5,2,2,4,5,4,4,5,5,4,40,1
3,1,5,5,5,4,3,5,3,3,5,5,5,3,5,3,4,5,1,4,4,1,5,4,3,3,3,5,5,5,3,4,2,2,4,2,2,5,3,5,2,1,4,1,5,1,4,3,5,53,2
4,2,3,4,3,4,4,4,4,3,4,4,4,4,4,4,4,3,2,4,4,1,4,3,4,2,4,4,4,4,3,4,3,3,3,2,3,4,3,3,4,3,3,1,4,2,2,3,1,41,1
4,2,5,4,3,5,3,4,4,4,4,5,3,3,3,4,4,4,3,4,4,3,4,4,3,4,4,4,4,5,3,4,4,3,3,2,3,5,4,3,3,2,4,2,4,2,2,2,2,21,2
3,1,4,5,4,4,4,5,4,4,5,5,4,4,4,5,4,4,2,3,5,2,5,4,4,4,4,5,5,4,3,4,3,3,3,2,3,4,2,4,2,2,4,2,4,2,2,3,4,45,1
5,99,5,5,3,4,2,3,3,3,3,4,3,3,4,1,4,4,1,3,4,2,4,5,4,3,4,4,4,5,3,4,4,2,2,2,3,5,1,4,5,4,2,1,5,1,1,2,5,43,1
4,2,3,4,3,4,4,4,4,1,5,4,4,4,4,5,5,3,99,4,4,2,4,3,2,4,4,1,4,5,4,4,5,4,3,2,3,4,4,3,4,1,4,2,1,5,2,4,2,53,1
4,1,99,5,4,5,5,4,4,5,4,5,5,4,5,4,99,4,1,3,5,2,5,5,4,5,3,99,5,99,4,3,3,4,4,5,3,3,3,5,3,1,4,1,3,1,2,3,99,40,1
3,2,4,5,4,4,3,3,3,3,4,5,4,4,4,3,4,4,2,4,4,2,4,5,5,3,99,5,4,3,3,3,2,4,5,2,4,4,2,4,4,2,4,2,3,2,3,3,4,33,1
3,1,4,5,4,4,4,4,5,5,5,4,5,4,4,4,5,4,2,4,5,2,5,4,5,3,5,5,5,4,4,2,3,3,4,3,3,4,5,4,2,1,4,3,5,2,5,3,4,36,2
4,1,4,5,4,4,3,4,4,4,4,4,4,3,5,4,3,4,2,3,3,2,5,3,3,3,4,4,4,4,3,3,4,2,4,1,2,5,3,3,5,1,2,3,3,3,1,4,4,44,99
3,3,3,3,4,4,3,3,4,3,4,3,4,4,5,3,4,4,99,3,3,3,4,3,3,3,3,4,3,4,2,3,3,3,2,2,3,3,3,4,3,1,4,1,4,1,1,3,2,35,1
3,3,3,5,3,5,3,5,3,3,3,5,3,5,5,3,5,5,3,3,3,3,5,3,3,3,99,5,3,5,3,3,3,4,3,3,1,5,3,99,1,1,3,1,5,1,2,3,1,47,2
4,1,4,5,5,5,4,4,4,4,3,4,3,99,5,2,3,5,1,3,5,3,4,4,3,2,4,5,4,4,2,4,3,3,4,3,3,4,4,3,3,1,3,3,5,2,3,3,2,38,1
4,2,4,4,3,5,5,5,5,4,4,2,5,5,5,4,4,5,1,5,5,1,4,5,4,4,3,5,5,4,3,5,5,3,5,4,3,5,4,5,1,1,4,1,4,3,4,2,3,44,2
4,2,5,5,5,5,4,4,4,4,4,4,4,5,4,5,5,4,2,5,99,3,5,4,5,4,4,5,5,5,4,4,3,4,4,4,3,5,4,4,2,4,4,2,5,3,4,4,5,38,1
4,2,4,4,4,4,3,3,4,4,4,4,4,3,4,2,4,3,99,4,4,2,4,4,4,2,4,4,4,4,3,3,3,3,4,2,3,3,4,4,4,1,4,2,4,2,2,3,4,40,1
4,1,5,5,3,4,3,4,4,4,5,4,4,4,4,5,5,4,1,3,4,2,5,5,3,4,4,5,5,5,5,5,5,4,5,2,2,5,5,3,2,99,3,3,4,1,3,3,2,61,1
5,1,5,4,4,5,3,4,4,5,4,5,3,3,5,4,4,4,1,3,5,2,5,5,4,2,4,5,5,5,3,2,4,4,5,4,2,4,2,5,2,1,4,2,5,3,2,2,5,38,1
5,1,4,5,5,4,3,5,5,5,5,5,5,4,5,4,3,3,1,5,5,1,5,3,5,4,5,5,5,4,3,4,5,5,4,3,1,5,4,5,1,1,5,5,5,2,2,5,5,29,2
5,1,5,5,5,5,5,5,5,5,5,5,5,5,5,5,5,5,1,5,5,1,5,5,5,5,4,5,5,5,5,4,2,5,4,1,1,5,4,5,4,2,4,2,5,1,4,4,4,40,2
2,2,4,3,3,1,1,2,1,1,1,1,1,1,3,3,2,2,2,2,2,2,2,1,2,2,1,1,2,1,3,3,2,2,3,3,5,3,2,2,5,1,2,1,2,1,3,1,1,42,1
3,2,3,3,4,4,4,4,4,3,3,3,4,4,4,4,3,4,2,4,3,3,4,3,3,2,4,4,3,4,2,4,99,2,3,1,4,99,2,2,4,1,2,1,4,1,2,2,4,34,1
4,2,3,4,4,3,3,4,4,5,5,4,3,4,4,3,4,4,2,3,5,2,4,4,3,4,3,4,4,4,4,3,4,2,4,2,3,4,3,4,2,1,3,1,4,2,2,2,2,52,2
4,2,3,4,4,4,3,4,4,4,3,3,4,4,4,4,3,4,2,3,3,2,3,4,3,2,4,3,3,4,4,4,4,3,2,3,3,4,2,3,4,1,4,2,4,1,3,3,4,46,1
4,99,5,5,5,4,4,5,4,4,4,5,5,5,4,5,4,5,1,4,5,3,5,5,5,4,4,5,3,5,4,3,3,3,4,3,3,5,3,4,4,1,4,3,4,1,2,4,2,37,1
3,1,4,5,3,5,4,5,4,4,4,4,5,5,4,4,5,4,1,5,5,3,5,4,4,3,4,4,4,4,3,4,4,2,5,3,2,5,4,5,3,1,5,4,4,2,1,3,4,31,1
4,1,4,5,4,5,5,5,5,5,5,4,5,4,5,4,5,4,1,4,5,1,4,4,4,2,4,5,4,5,4,4,5,4,4,4,2,5,5,4,2,4,5,3,5,4,4,4,5,54,2
5,1,5,5,3,5,3,1,4,3,3,5,2,4,3,5,3,4,3,3,3,1,5,3,2,2,4,5,5,4,1,5,1,4,3,1,2,3,4,5,3,1,2,1,5,1,1,2,3,45,2
4,1,5,5,5,5,4,5,3,4,5,5,4,5,5,4,5,4,1,4,5,2,5,5,4,3,3,4,5,5,3,4,4,3,5,3,3,5,4,4,2,1,4,3,5,2,2,3,4,51,1
5,1,4,4,4,5,4,5,4,4,4,4,4,4,4,3,4,4,1,3,5,2,4,5,4,3,4,3,5,5,3,3,5,3,4,2,3,5,5,5,3,1,4,2,5,1,4,3,3,40,2
4,5,4,5,3,4,3,4,4,4,3,4,4,5,4,4,4,4,2,5,5,2,4,5,4,4,4,4,4,4,3,4,4,5,4,2,2,5,4,4,1,1,3,2,4,2,2,3,4,37,2
4,1,4,5,4,4,5,5,4,4,4,5,4,4,4,5,4,5,2,4,5,2,5,4,5,4,4,4,4,4,4,3,1,2,2,1,5,4,1,5,4,1,4,1,5,1,2,2,2,39,1
5,1,4,5,5,5,5,4,4,5,5,5,5,5,5,5,5,5,2,4,5,2,5,5,5,3,3,5,4,5,2,4,5,5,4,3,2,3,4,5,3,1,4,3,5,3,3,3,3,25,2
99,99,99,99,99,5,4,99,3,99,99,99,5,99,99,5,5,99,2,4,99,3,99,99,4,99,3,99,99,99,3,5,99,5,4,5,5,99,99,4,3,1,5,4,99,3,3,5,4,38,2
5,2,3,5,4,4,2,4,2,4,4,2,4,3,5,3,2,2,2,4,5,1,5,4,5,2,99,4,4,4,4,4,3,4,4,2,2,4,4,4,3,3,4,2,5,1,2,4,4,53,1
3,2,3,4,3,3,4,4,3,3,3,4,3,4,3,4,4,4,3,3,5,3,4,3,3,3,3,3,3,5,3,4,4,4,4,3,3,4,3,3,3,2,3,2,4,2,2,3,3,52,1
2,1,1,3,2,4,2,1,5,3,5,2,5,2,1,2,1,2,3,3,1,3,2,3,1,1,3,3,1,2,1,3,1,4,1,2,4,2,1,4,1,1,5,1,5,1,1,2,5,37,1
2,2,3,3,3,3,3,4,99,3,4,3,3,4,4,3,3,4,2,4,4,3,3,3,4,3,4,4,4,3,2,3,3,3,3,2,4,3,2,4,4,1,3,2,3,2,2,3,3,47,1
2,1,5,5,4,5,5,5,5,5,5,4,5,3,5,5,5,5,2,4,5,3,5,2,4,4,5,5,4,5,3,4,5,3,5,3,2,4,4,5,4,5,5,4,5,4,1,4,5,33,3
4,2,4,4,4,4,4,4,4,4,4,4,4,4,4,4,4,4,2,3,4,3,4,4,4,3,4,4,4,4,3,3,4,3,4,4,2,5,4,5,4,1,4,3,5,2,2,4,4,45,1
4,2,2,5,4,5,4,5,3,4,5,5,4,4,4,4,5,4,2,4,4,2,5,5,3,3,3,5,3,5,3,5,4,4,3,3,4,5,4,5,2,3,5,3,5,3,3,3,3,45,1
3,1,4,5,3,5,3,4,5,3,3,5,4,3,4,3,3,4,2,2,4,2,4,4,4,3,4,4,4,4,3,4,4,2,4,2,2,5,4,5,2,1,3,2,5,1,1,5,4,36,1
5,1,5,5,5,5,4,5,5,5,5,5,5,3,4,3,5,4,1,4,4,1,5,5,5,3,5,5,5,5,4,5,3,4,4,3,2,5,4,3,1,1,4,2,5,2,4,4,4,42,1
5,1,5,5,5,5,5,5,5,5,5,5,5,5,5,3,5,5,1,5,5,1,5,5,5,4,5,5,5,5,4,5,4,4,5,4,1,5,5,5,2,5,5,4,5,1,4,4,4,54,1
4,2,4,4,4,4,4,4,4,4,4,4,4,4,4,4,4,4,2,4,4,2,4,4,4,4,4,4,4,4,4,4,4,4,4,3,2,4,4,4,3,1,4,3,4,3,4,4,4,49,2
4,1,4,4,4,4,3,4,4,3,5,5,4,3,4,4,3,3,4,4,4,2,3,3,4,2,4,5,4,5,3,3,2,4,3,2,3,4,4,4,4,1,4,1,5,1,3,3,3,28,1
4,2,4,3,4,4,4,4,4,4,4,4,4,4,4,3,4,4,2,4,4,2,4,4,4,3,3,4,4,4,4,3,4,4,4,3,2,4,4,4,3,2,4,3,4,3,3,3,3,35,2
4,2,5,4,4,4,4,4,4,4,4,4,3,4,4,4,4,4,2,4,4,2,4,4,4,3,3,4,4,5,4,4,2,4,4,4,3,3,4,2,4,2,3,2,4,2,4,3,3,52,2
3,2,3,4,3,4,3,3,3,3,3,4,4,4,4,4,4,4,3,3,3,1,4,4,3,3,4,4,3,5,4,3,4,4,4,4,3,4,4,4,3,1,4,2,4,2,1,3,3,46,1
3,4,3,4,2,4,3,4,3,4,4,4,4,4,3,4,4,4,3,2,3,3,4,4,3,3,3,4,3,4,4,2,3,3,2,2,2,3,2,4,3,2,4,2,4,2,4,3,4,29,1
4,1,5,5,4,4,4,4,4,5,5,4,4,4,5,3,5,4,1,4,5,1,5,5,4,4,4,5,4,5,4,4,5,4,4,3,2,5,4,4,3,1,3,2,5,2,3,4,5,67,1
4,1,4,4,4,4,3,5,4,4,4,4,4,4,5,4,5,5,99,4,5,1,4,4,3,4,4,5,5,4,4,4,3,4,5,3,2,5,4,5,2,1,3,2,5,2,3,4,4,49,2
4,2,3,5,4,5,5,5,4,4,4,4,4,4,4,4,5,4,1,4,99,1,5,4,4,3,4,5,5,4,4,4,2,3,4,2,2,3,2,3,3,2,3,2,4,2,4,2,4,44,1
4,2,3,3,5,4,5,5,3,4,4,3,4,5,4,3,4,4,2,4,5,2,4,4,5,3,4,4,4,4,3,4,2,2,2,3,3,5,2,4,4,1,3,1,4,1,4,3,4,41,1
5,1,5,5,5,5,5,5,5,5,5,5,5,5,5,5,5,5,1,5,5,2,5,5,5,5,5,5,5,5,5,5,5,5,5,2,1,5,5,5,1,1,5,4,5,4,4,4,4,44,2
3,1,4,5,4,5,5,5,5,5,5,5,5,4,3,5,5,99,3,3,5,2,5,5,5,4,4,5,5,5,5,3,4,3,4,2,2,5,2,5,4,1,4,2,4,2,2,4,4,27,2
4,2,4,4,4,4,4,4,4,4,4,5,4,4,4,4,4,5,2,4,4,1,4,5,4,4,4,4,4,5,3,4,4,4,4,3,2,5,5,4,2,1,4,4,4,4,3,4,4,57,2
5,2,4,4,5,3,4,4,4,4,4,5,5,3,5,4,5,4,2,4,5,3,4,5,5,3,4,4,4,5,4,4,3,4,4,3,3,5,4,4,3,2,3,3,4,2,3,3,4,40,1
3,1,5,4,4,5,4,5,4,4,3,5,4,4,5,3,4,5,1,5,4,2,4,4,3,3,4,5,4,4,3,2,1,1,3,1,5,2,1,1,3,1,1,1,1,1,1,5,4,40,2
3,3,3,4,3,4,4,4,4,3,4,3,3,4,4,4,4,3,2,3,5,3,5,4,3,4,4,5,2,5,4,4,2,4,4,2,4,5,2,5,2,1,3,1,3,1,1,2,2,44,1
4,1,4,4,4,5,5,5,5,4,5,4,3,5,4,2,4,4,99,5,4,1,4,4,2,4,3,4,4,4,1,2,5,4,4,2,5,4,1,4,4,1,3,1,4,1,1,1,2,32,2
4,2,3,3,3,4,5,5,4,4,3,5,4,3,3,4,4,4,2,4,99,2,3,4,2,3,4,4,4,5,4,4,3,3,3,3,3,3,2,3,4,1,3,1,3,1,2,3,4,47,1
3,1,4,5,5,4,3,3,4,5,5,3,4,1,2,99,3,4,1,4,5,2,4,4,3,4,4,5,5,3,4,2,2,1,4,3,3,4,4,5,2,1,3,4,5,4,3,3,1,33,2
4,1,4,4,5,4,4,4,4,4,4,4,3,4,5,4,4,4,1,4,4,1,4,4,5,4,4,4,5,5,4,4,5,4,3,3,2,4,4,4,2,1,3,3,4,2,1,4,4,44,1
4,1,4,4,4,3,4,3,3,4,4,4,3,4,4,4,4,4,1,4,4,2,4,3,4,3,4,4,3,4,3,4,4,4,4,3,2,5,4,4,2,1,4,3,4,3,3,3,4,51,1
4,3,4,4,3,4,4,4,4,4,4,3,3,4,4,3,4,4,4,4,4,2,4,4,4,4,4,4,4,4,4,4,4,3,4,4,4,3,4,4,3,2,4,4,4,4,4,4,4,44,2
4,1,5,5,5,5,3,4,5,5,5,5,5,4,5,4,5,5,1,4,5,1,5,4,4,4,4,5,4,5,4,4,2,4,4,3,2,5,4,5,3,1,5,2,5,2,2,3,4,39,2
4,2,3,4,4,4,4,4,3,4,4,4,4,4,4,4,4,4,2,3,4,2,4,4,3,3,4,4,4,4,3,3,3,3,4,3,3,4,4,4,2,2,4,3,4,3,3,3,4,57,2
2,2,4,3,3,3,2,4,2,3,4,4,4,2,3,2,4,4,4,5,3,5,5,2,5,3,2,5,3,3,4,4,3,5,3,2,3,5,4,4,3,2,2,4,5,2,2,4,4,35,1
3,1,4,3,5,5,3,3,4,3,3,4,4,4,3,2,4,5,99,4,5,2,5,5,5,3,4,4,4,5,3,4,5,4,5,4,1,5,2,4,2,1,5,2,5,2,3,2,2,49,2
4,1,2,99,5,5,4,4,4,4,5,4,5,5,99,4,4,99,2,4,5,2,4,4,4,4,4,5,4,4,2,5,5,99,99,4,2,4,5,4,4,1,5,4,5,2,5,5,4,39,2
3,2,5,4,3,5,4,4,3,4,3,5,5,4,4,3,3,4,3,3,4,3,4,3,3,3,3,5,4,5,4,3,1,4,4,3,3,4,2,5,2,1,4,1,5,2,1,4,3,25,2
4,2,4,4,4,4,3,4,4,4,4,4,4,4,4,4,4,4,2,4,4,2,4,4,4,4,4,4,4,4,4,4,2,4,2,4,3,4,3,4,2,2,5,1,4,2,2,2,5,37,1
4,2,5,4,4,5,2,4,99,3,4,4,5,4,4,4,4,4,1,4,5,1,5,4,5,4,4,4,5,4,3,4,3,1,4,3,3,4,3,4,4,3,5,1,5,2,4,3,4,36,1
2,2,5,4,4,5,4,4,5,3,5,4,4,3,5,3,4,4,3,3,5,3,4,3,4,3,4,5,5,5,4,5,3,5,4,4,2,5,5,5,3,2,4,3,5,2,2,5,4,43,1
3,1,3,4,4,4,4,4,4,4,4,4,4,4,4,4,4,4,2,4,5,1,4,3,3,5,4,4,5,4,2,3,5,5,4,3,1,5,4,4,2,99,5,2,4,3,5,4,4,53,1
4,1,5,99,4,5,5,4,3,4,4,5,4,4,5,4,5,5,1,5,5,1,5,4,4,3,3,4,5,5,2,4,5,99,4,3,2,4,99,2,3,1,2,2,2,2,4,99,4,37,1
4,4,4,4,4,4,4,4,4,4,4,4,4,4,3,4,4,4,3,3,4,4,5,4,3,3,4,4,3,4,4,2,4,2,3,3,3,3,2,3,2,2,4,2,4,2,3,3,4,33,1
4,2,4,1,3,4,4,3,5,2,3,4,4,4,3,4,4,3,4,3,3,3,5,3,3,3,4,4,4,4,4,4,3,3,2,3,3,4,3,5,3,1,4,1,4,2,2,5,4,46,1
4,2,4,4,4,4,4,4,4,4,4,4,4,4,4,4,4,4,2,4,4,2,4,4,4,3,4,4,4,4,4,2,2,3,4,2,2,4,2,4,4,1,4,2,4,1,1,2,4,31,2
5,1,4,5,4,3,3,4,4,3,4,4,4,4,4,5,5,4,1,4,5,1,5,4,5,2,4,4,5,4,3,4,3,3,5,2,2,5,4,3,2,2,3,3,3,2,2,3,4,52,2
4,1,5,5,5,5,4,5,99,5,5,5,4,5,5,4,5,5,5,4,5,1,4,4,5,1,5,5,5,5,4,5,5,2,2,5,4,5,4,5,2,1,4,1,5,1,2,5,5,50,1
4,5,5,5,5,5,5,5,4,4,5,5,5,5,5,5,5,5,1,5,5,2,5,4,5,5,5,2,5,5,4,5,5,5,4,1,1,2,5,5,5,1,5,1,5,3,1,4,5,29,1
5,1,4,4,3,5,4,5,5,4,5,4,4,5,4,3,5,5,1,4,5,1,5,4,4,4,4,5,3,5,4,4,5,4,5,3,1,5,5,4,2,3,4,2,4,2,1,4,4,34,2
3,1,4,5,5,4,99,4,4,5,5,4,4,4,5,3,5,4,1,3,5,1,4,4,3,3,4,5,4,5,99,3,4,2,4,2,4,5,4,4,3,4,2,2,4,2,3,3,3,31,2
4,2,4,3,4,2,3,4,4,4,4,5,4,5,4,4,4,5,4,4,4,3,4,3,4,4,3,4,4,4,3,4,2,3,4,3,2,5,4,4,1,4,3,1,5,2,1,4,3,32,2
4,2,3,3,4,4,3,3,3,3,3,3,4,4,3,3,3,4,3,3,4,1,4,3,2,3,3,3,4,4,2,4,2,2,3,3,3,3,2,3,4,1,3,1,3,1,3,3,4,37,1
3,2,4,4,5,4,4,4,5,5,5,5,4,4,4,4,4,4,2,4,5,2,5,4,4,4,5,5,4,5,4,5,4,4,3,4,2,4,4,4,3,2,4,2,4,4,3,3,4,53,2
2,2,3,3,3,4,4,4,4,4,4,4,4,4,4,4,3,4,2,3,4,3,4,4,4,3,3,4,3,4,3,4,4,3,3,3,2,4,2,4,3,2,4,2,4,2,2,3,2,31,2
5,1,5,5,5,99,5,1,99,99,5,99,99,5,99,5,99,5,1,5,99,2,5,3,5,99,5,99,99,5,5,5,5,99,3,99,2,5,4,5,2,2,5,5,5,3,3,5,5,71,1
3,5,3,4,3,5,2,5,5,5,5,5,3,5,4,2,3,4,2,4,4,3,5,3,4,3,4,5,4,4,3,4,3,2,3,2,3,4,4,4,4,1,4,1,4,1,2,3,5,51,1
4,2,4,4,4,4,4,4,4,4,4,4,4,4,4,4,4,4,3,3,4,2,4,3,4,4,4,4,4,4,4,3,2,3,4,3,2,5,4,4,2,2,4,3,5,4,4,4,4,45,1
4,2,5,4,4,4,3,3,3,5,4,4,4,5,5,3,5,4,3,3,4,4,4,4,3,3,4,5,5,5,4,5,3,3,4,3,3,4,3,5,3,2,4,1,4,1,1,4,2,34,2
4,2,4,4,4,4,3,4,2,4,5,4,4,3,4,4,4,3,1,4,4,1,4,3,4,3,3,4,5,5,3,4,4,3,4,99,3,4,4,99,2,99,4,2,4,99,4,3,99,39,1
3,1,4,4,5,3,3,3,4,4,4,5,3,5,5,3,5,4,2,4,4,3,3,3,3,3,4,5,4,4,5,4,1,3,3,1,3,4,2,3,3,1,4,1,4,1,3,3,2,50,2
4,2,2,4,3,4,4,3,3,3,4,3,3,3,4,3,3,5,2,2,4,2,3,4,4,3,3,4,4,3,2,2,2,2,2,4,2,4,5,3,3,1,2,1,3,1,4,2,3,42,1
4,1,5,5,4,5,3,5,4,5,5,5,5,5,4,5,5,5,2,5,5,2,5,4,5,5,4,5,4,5,4,4,4,4,5,2,2,5,5,4,3,2,4,2,5,2,4,5,3,36,2
3,1,4,5,4,5,5,4,4,4,5,4,5,5,5,4,4,4,2,4,5,3,4,4,4,4,3,99,99,4,4,4,5,3,4,3,2,5,5,5,2,2,4,3,5,2,2,4,5,46,2
4,2,4,4,2,4,2,5,4,4,4,4,2,5,4,4,4,2,2,4,4,1,4,5,5,2,4,4,4,5,2,4,2,4,4,1,4,4,2,4,2,1,2,1,4,1,4,2,2,48,2
1,3,3,1,3,3,1,3,2,1,2,1,3,3,2,2,2,2,3,3,3,5,2,1,3,2,2,3,2,3,2,2,4,2,2,2,4,3,2,1,3,1,2,1,2,1,4,1,1,33,1
5,1,99,5,5,5,5,99,5,5,5,5,5,5,5,5,5,5,2,1,99,1,5,5,5,3,5,5,5,5,3,3,5,5,4,3,1,4,4,5,2,1,4,4,5,3,2,3,4,67,1
4,1,4,4,4,4,3,4,2,4,5,4,5,5,5,2,4,5,1,4,4,2,4,4,5,2,3,5,4,4,2,4,4,2,4,1,4,5,4,5,4,2,2,2,4,1,2,2,4,28,2
3,1,4,99,99,3,1,3,3,1,3,2,3,2,4,5,2,3,2,2,3,3,2,4,1,4,3,99,3,4,99,99,99,2,1,1,5,99,1,4,2,1,2,1,3,1,4,99,99,40,2
4,4,4,4,5,4,3,4,5,4,5,4,5,5,4,4,3,4,2,4,4,2,4,4,4,3,4,4,5,4,5,5,5,5,4,3,2,5,3,4,2,1,4,3,4,2,2,4,5,49,1
2,1,4,3,5,3,3,4,3,4,4,4,3,3,4,5,4,5,1,3,4,3,4,4,4,2,5,5,4,5,3,3,3,3,5,3,3,4,3,4,2,99,4,2,4,2,1,3,4,48,1
4,2,5,5,4,4,2,3,4,4,4,4,4,4,5,3,4,5,2,5,4,2,4,4,4,4,4,4,4,4,3,4,5,3,4,2,3,5,4,4,4,1,3,3,5,1,4,3,2,29,2
3,3,5,5,5,5,4,5,5,4,5,5,4,5,5,4,4,5,3,3,4,3,4,5,5,4,4,5,4,5,4,5,2,3,5,4,4,5,5,4,5,3,5,3,5,3,5,3,3,60,2
4,2,5,4,4,4,4,3,3,4,4,4,3,5,4,4,4,3,2,5,4,2,4,4,4,4,3,4,5,5,3,4,3,3,4,3,3,5,4,3,2,2,4,4,4,3,2,3,4,52,2
4,3,5,4,4,4,2,3,3,4,4,3,4,5,4,4,4,4,1,5,4,1,4,2,4,3,4,5,5,4,3,3,1,4,3,3,4,3,4,3,3,1,3,1,4,1,3,3,1,38,2
4,2,5,4,4,4,4,4,4,4,4,3,4,4,4,4,4,4,1,4,4,2,4,4,4,4,4,4,4,4,3,4,3,4,3,3,2,5,4,3,2,3,4,2,4,4,2,3,4,68,1
2,2,4,3,3,3,3,3,4,3,3,5,3,2,4,4,3,4,2,3,4,2,5,3,3,4,4,5,3,5,2,4,2,4,4,3,2,4,4,5,2,1,3,2,5,2,4,4,4,43,1
3,3,5,5,4,5,4,5,4,4,5,4,4,5,5,3,4,4,99,4,5,3,4,4,4,3,3,4,5,4,3,5,2,5,4,2,2,5,5,4,1,1,4,2,5,1,4,4,2,51,2
3,5,5,5,5,5,5,4,5,3,5,4,4,4,5,4,4,4,99,4,5,2,4,4,3,4,4,5,5,4,3,5,5,3,5,3,2,5,3,5,3,1,5,5,5,5,4,4,4,28,2
4,1,5,4,5,4,4,5,4,5,4,5,5,5,4,4,4,4,2,4,5,2,5,5,4,5,4,5,5,5,5,3,3,4,3,5,3,5,3,5,2,2,5,2,5,2,3,4,4,43,2
4,1,5,4,4,5,3,4,3,4,1,4,4,4,4,4,4,4,1,4,5,1,4,3,3,3,3,5,5,4,3,3,3,4,4,3,3,5,4,5,4,1,5,4,4,3,1,3,3,50,2
4,2,3,4,4,4,4,4,3,4,4,3,4,4,4,3,3,4,2,4,5,2,4,4,4,3,3,4,4,4,3,4,4,3,4,3,2,5,4,4,3,1,3,2,3,2,2,4,4,51,2
4,2,5,5,4,4,4,5,4,3,5,5,3,4,5,4,4,4,1,5,5,2,5,4,4,4,5,4,5,4,3,4,4,3,3,3,3,4,4,4,3,1,3,1,3,2,2,3,3,42,2
4,2,4,4,4,4,4,5,4,4,4,4,4,5,5,4,4,5,2,4,5,1,5,4,4,3,4,5,5,4,3,4,3,4,4,3,2,4,3,3,2,2,4,2,4,3,3,3,4,49,1
2,4,4,2,4,5,4,2,4,4,3,4,3,4,2,2,2,4,2,4,4,2,4,4,3,2,4,5,4,4,2,2,2,3,3,2,3,4,4,4,3,1,2,2,4,1,2,2,4,39,2
4,1,4,4,5,5,4,3,4,5,4,5,5,4,4,4,5,4,3,4,5,2,5,5,4,3,4,5,4,5,4,5,2,3,2,2,4,3,2,2,4,2,4,3,4,3,3,2,5,35,1
4,1,4,5,5,5,5,4,5,5,5,4,4,2,5,4,5,4,1,4,5,2,4,5,5,5,5,5,5,5,4,4,5,4,2,1,1,4,5,5,1,1,5,4,5,4,2,4,4,43,1
3,3,4,4,3,3,4,4,2,3,2,3,3,4,3,4,3,4,4,2,4,4,3,4,2,4,3,4,2,3,2,2,3,3,2,2,4,2,2,2,3,2,3,1,3,1,2,2,2,27,1
4,1,5,5,5,5,5,5,5,5,5,5,5,5,5,4,5,5,99,5,5,1,5,5,5,4,5,5,4,5,5,4,5,5,5,1,5,5,5,5,1,1,5,1,5,1,2,5,4,43,1
5,2,3,4,3,3,4,4,4,4,4,3,5,5,3,4,4,2,99,4,2,4,2,2,2,5,4,2,4,5,5,4,3,4,5,4,2,4,3,2,2,3,3,4,4,1,3,2,4,56,2
4,1,5,5,4,99,5,5,4,4,5,4,5,4,4,4,5,3,2,5,4,2,4,3,4,4,4,5,99,5,5,5,5,3,4,2,4,4,5,5,3,2,5,1,5,2,1,2,2,31,2
4,2,4,4,5,5,4,4,4,4,4,4,3,4,4,4,4,4,1,4,4,2,3,4,4,3,4,5,4,4,3,5,2,3,4,3,4,5,3,4,2,1,4,1,4,1,1,2,2,45,2
4,1,4,4,4,2,4,4,3,5,4,3,4,4,4,4,3,4,1,4,4,2,4,3,4,2,3,5,5,4,4,4,2,3,3,3,3,4,99,3,4,1,4,3,5,2,1,4,2,34,1
4,2,4,4,4,4,4,4,4,4,4,4,4,4,4,4,4,4,3,4,4,2,4,4,4,3,99,4,4,4,3,4,4,5,5,3,3,5,4,3,1,2,4,3,4,3,3,4,3,41,2
4,4,4,5,5,5,5,5,4,5,5,4,5,4,4,5,5,5,2,5,5,2,5,5,5,5,5,5,5,4,5,5,4,4,5,2,4,5,4,3,2,3,5,3,5,2,5,4,5,60,1
5,2,4,4,4,5,4,4,2,3,4,4,4,4,4,4,4,4,1,3,4,1,4,4,4,3,4,4,4,4,4,4,4,4,4,3,2,4,4,4,2,2,4,3,4,4,4,4,4,38,2
3,2,4,4,4,4,4,3,4,4,4,4,4,4,4,4,4,4,1,3,4,2,4,3,3,4,4,4,4,4,3,3,1,3,4,4,4,5,2,4,3,2,4,1,4,1,3,4,2,41,2
3,1,4,4,4,4,3,5,4,4,4,4,4,5,4,4,5,5,2,4,4,2,5,4,4,3,4,4,4,4,4,4,2,4,3,3,2,4,4,4,2,1,4,3,4,4,1,5,3,53,1
4,4,4,4,4,4,4,3,4,4,4,4,4,4,4,4,4,4,2,4,4,2,4,4,4,4,4,4,4,4,3,4,5,4,4,2,4,4,2,4,2,1,4,2,4,2,4,2,2,36,1
4,1,5,5,4,5,4,4,4,4,5,4,4,4,4,3,4,4,2,4,5,2,4,5,4,4,4,4,5,5,4,4,3,4,5,4,4,5,5,4,2,3,5,2,5,2,2,4,4,75,2
3,4,4,4,4,4,4,4,4,5,4,4,4,4,3,4,4,4,4,3,4,2,4,4,4,4,4,4,4,5,4,4,4,4,4,3,4,5,4,4,4,3,4,4,4,4,2,4,4,52,3
3,2,4,4,4,4,3,4,4,4,4,2,4,4,4,3,4,4,3,4,4,2,4,3,4,3,4,4,4,4,4,4,2,2,3,2,3,5,2,3,4,2,3,2,4,2,2,3,4,52,1
4,4,4,4,4,5,4,4,5,3,4,4,3,5,4,4,4,4,3,4,4,3,4,4,3,3,3,4,3,4,3,5,1,3,3,3,3,4,2,5,5,3,3,1,3,2,3,3,2,34,2
4,5,4,4,4,5,4,4,3,99,5,4,4,4,5,5,4,4,2,3,4,2,4,4,4,2,4,5,5,5,4,4,3,3,3,3,3,4,4,4,2,1,4,3,4,2,2,2,4,44,2
4,1,4,4,4,5,5,5,4,4,5,4,4,4,4,3,4,4,2,4,4,2,4,3,2,3,4,4,4,4,4,4,5,4,5,4,1,5,5,5,2,3,4,4,5,4,4,3,5,42,2
5,2,5,5,99,2,2,2,5,4,2,5,4,4,5,3,2,5,1,4,4,2,5,4,4,2,5,99,4,5,2,5,5,2,5,1,2,5,2,5,4,1,4,1,5,1,99,2,1,38,1
4,2,5,5,4,4,4,4,4,4,4,4,4,4,4,4,4,4,1,3,5,2,4,4,4,4,4,5,5,4,4,4,4,2,4,3,3,5,5,4,3,1,3,1,3,2,1,4,4,31,2
4,1,5,5,5,3,3,5,5,4,4,4,5,3,5,2,3,5,1,3,3,2,4,3,5,4,3,5,5,3,4,4,1,5,4,3,1,5,4,5,1,3,4,3,4,2,3,5,2,39,2
5,1,5,99,5,3,5,99,4,4,5,4,3,5,5,5,4,5,2,4,3,3,5,5,5,3,3,99,5,5,3,99,2,2,4,3,3,99,2,5,3,5,99,2,99,5,1,99,99,57,2
5,1,5,5,4,5,5,5,4,5,5,5,5,5,5,4,5,4,1,4,5,1,5,5,4,3,5,5,4,5,4,4,3,3,4,3,2,5,4,4,3,1,5,1,4,1,4,3,1,52,2
4,1,4,4,4,4,4,5,4,5,3,4,4,4,4,4,5,4,2,3,4,3,4,4,4,3,4,5,4,5,4,3,4,3,3,2,3,5,3,4,3,2,3,3,3,3,2,3,2,33,2
4,4,4,5,4,5,4,4,4,5,5,3,4,4,4,4,5,4,99,4,5,1,4,4,4,4,4,4,5,5,3,5,4,4,5,2,4,5,5,4,4,1,5,5,4,5,2,4,2,41,1
4,1,5,5,4,4,4,4,5,4,4,4,4,3,4,5,4,4,4,5,4,3,5,4,3,3,4,5,4,4,4,5,5,3,4,3,2,5,3,3,3,1,3,2,4,2,3,3,4,59,1
4,1,5,5,5,4,4,5,3,5,4,4,5,4,4,3,4,5,1,4,5,2,5,3,5,3,4,5,5,5,4,3,4,5,5,3,1,5,4,5,2,2,5,2,5,2,1,4,5,49,2
3,2,3,3,4,4,3,4,4,3,4,4,3,4,4,3,4,4,2,3,4,1,4,4,4,2,3,4,3,4,3,4,4,4,4,4,3,5,4,4,3,2,4,1,4,1,3,3,4,48,2
4,1,4,5,4,5,5,4,3,4,5,4,4,4,4,4,4,4,2,4,5,2,4,4,3,4,4,5,4,5,3,4,3,4,5,3,1,5,4,3,2,3,4,4,5,3,4,4,5,50,1
2,1,4,3,3,4,2,3,2,3,4,3,2,5,4,2,3,2,2,5,3,3,4,2,4,2,3,5,1,3,2,3,5,1,2,1,4,5,2,2,2,1,1,1,5,1,1,1,4,49,1
4,3,3,3,3,4,3,3,3,3,3,3,2,3,3,3,3,3,3,4,2,2,3,3,3,3,4,3,3,3,2,4,4,4,3,3,3,4,3,3,4,1,2,2,4,2,3,3,4,49,1
5,5,5,5,5,4,4,5,4,5,4,5,5,4,4,4,4,4,1,4,5,1,5,5,3,4,4,5,5,4,4,3,4,3,5,4,1,4,4,5,2,3,5,5,5,4,5,2,5,40,1
3,1,3,3,3,4,4,3,4,4,5,4,4,3,4,2,3,5,1,3,4,3,3,4,2,2,3,5,5,4,3,4,2,4,4,3,2,5,4,4,2,1,4,1,5,1,4,3,2,45,1
3,1,4,4,4,4,4,4,4,4,4,4,4,4,4,4,4,4,1,4,4,2,4,5,4,4,4,4,4,5,4,4,5,3,4,3,2,5,4,4,2,2,4,2,4,2,3,4,4,49,1
3,2,4,4,4,4,4,4,4,4,4,4,4,4,4,4,4,3,3,3,4,2,4,4,4,4,4,4,4,4,4,3,4,2,2,2,4,4,2,4,4,2,4,2,4,2,2,2,4,32,1
4,3,4,4,4,4,4,4,4,4,4,4,4,4,4,3,4,4,2,3,4,2,4,4,3,2,2,5,4,4,4,3,2,4,4,3,3,4,3,4,4,2,4,3,4,2,3,3,4,42,1
2,1,2,5,3,4,99,2,4,4,3,4,5,5,5,4,99,5,1,3,5,2,5,5,99,2,3,4,4,99,4,1,5,2,99,99,1,99,4,2,2,1,99,2,5,2,3,4,2,36,2
5,1,5,5,5,4,3,5,5,5,5,5,5,5,5,4,5,5,1,5,5,1,5,3,5,3,5,5,4,5,4,4,3,4,4,3,2,5,5,5,3,1,5,4,5,1,3,3,4,39,2
4,5,3,2,4,5,99,4,3,3,4,3,4,3,5,3,2,4,2,2,3,5,4,4,3,5,3,2,5,3,3,3,3,4,2,2,4,4,3,5,3,5,4,2,5,1,4,2,4,44,1
5,1,4,5,4,4,3,5,4,4,4,4,4,4,4,4,4,4,2,3,5,2,4,4,4,3,4,4,4,4,4,4,4,3,4,3,2,5,4,4,2,2,4,2,4,2,3,4,2,43,2
4,2,4,4,4,3,4,4,3,4,3,4,4,4,4,3,4,4,2,4,4,2,3,3,4,3,3,4,4,4,3,3,3,4,2,3,3,4,4,4,3,2,3,2,4,2,4,3,4,43,2
4,2,4,4,4,4,2,5,4,3,3,4,4,5,5,3,4,4,3,4,4,4,4,3,5,4,4,4,4,4,2,4,2,4,3,2,2,4,2,4,4,2,4,3,4,3,4,4,4,26,1
4,1,5,5,5,3,3,4,4,3,3,4,3,4,5,4,3,4,1,5,5,1,5,3,4,5,5,4,5,5,4,5,4,3,5,3,2,5,4,5,5,1,3,2,4,2,2,5,5,45,1
4,2,5,4,4,5,4,4,4,4,4,4,4,5,4,4,4,4,2,4,4,3,4,4,3,4,4,4,3,4,3,3,4,4,4,4,3,4,3,4,2,2,4,3,4,3,4,4,4,31,1
3,2,4,4,4,5,3,4,3,5,4,3,3,4,5,3,3,4,3,4,5,3,4,3,3,2,4,5,4,3,4,3,3,3,4,3,5,4,1,5,3,1,4,3,5,1,4,1,2,39,2
4,1,4,4,4,4,4,4,4,4,5,4,4,4,4,3,4,4,2,3,4,2,5,4,3,3,4,4,4,4,4,3,4,4,4,3,2,4,4,4,3,1,4,3,4,3,2,4,4,44,2
4,2,4,4,4,4,3,4,4,4,4,4,4,4,4,4,4,4,2,4,4,3,4,4,3,3,4,4,4,4,4,3,4,4,4,3,2,4,4,4,2,3,4,3,4,3,3,4,4,41,1
4,1,4,5,5,5,5,5,4,5,5,5,5,5,5,5,5,5,2,5,5,1,5,5,5,4,5,5,5,5,5,5,3,3,4,3,1,5,4,5,2,5,4,1,5,1,2,4,4,52,1
5,1,5,5,5,5,4,5,4,4,5,5,5,4,4,5,5,5,1,5,5,1,5,4,5,4,4,5,4,5,4,4,1,3,4,3,1,5,4,4,2,1,4,4,4,2,2,3,4,60,1
4,2,5,4,4,5,5,4,4,4,4,4,4,5,4,4,4,4,2,4,4,2,5,3,3,4,4,5,4,4,3,5,4,5,5,4,4,5,4,4,3,2,4,4,5,4,4,4,5,63,2
4,1,4,4,3,4,4,4,4,4,4,4,4,4,4,3,4,4,2,3,4,2,4,4,4,3,4,4,3,4,3,4,3,4,4,2,2,4,4,3,3,3,4,2,4,2,4,3,4,49,1
5,5,5,5,4,5,4,5,5,5,5,5,4,4,5,4,4,5,1,5,5,1,5,5,5,5,5,5,5,5,5,4,2,5,4,2,2,5,5,5,1,1,5,2,5,2,1,3,5,56,1
4,1,4,4,4,4,4,4,4,4,4,4,4,4,4,4,4,4,3,3,4,3,4,3,4,4,4,4,4,4,2,2,1,2,1,3,3,4,1,4,4,1,1,1,1,1,1,2,3,31,1
5,1,2,5,5,5,3,5,4,5,4,3,4,5,5,4,4,4,1,4,5,1,5,4,5,5,5,5,5,5,4,5,5,3,4,4,2,5,4,4,5,2,5,2,5,2,3,4,5,40,1
4,2,4,4,4,3,4,4,3,4,5,5,5,5,4,4,5,5,2,5,4,2,4,4,4,3,4,4,4,4,4,4,5,4,4,2,2,5,3,3,4,1,4,4,4,2,4,3,4,34,2
3,1,3,4,3,3,3,3,3,3,4,3,3,4,3,4,3,3,2,3,4,4,4,4,2,2,3,4,2,4,3,3,4,3,2,3,4,3,2,4,2,2,4,2,4,2,4,3,2,39,1
4,2,2,5,5,5,4,4,4,3,5,4,5,3,5,5,5,4,2,5,5,2,5,5,3,3,4,4,5,5,2,5,2,5,5,4,2,5,5,5,2,2,5,3,5,2,5,5,5,43,1
4,3,5,3,4,5,4,4,4,4,4,5,3,4,4,4,4,3,2,3,5,2,5,4,4,5,4,4,5,4,3,3,2,4,5,2,4,4,4,5,4,3,3,4,4,2,5,4,2,45,2
5,1,5,5,5,5,4,5,5,5,5,5,5,5,5,5,5,5,1,5,5,1,5,3,4,3,3,5,5,5,5,5,2,4,5,5,1,5,5,5,4,1,5,1,5,1,5,1,5,29,2
5,2,5,4,4,5,4,5,3,99,4,4,5,99,5,99,5,5,4,5,4,1,5,5,3,4,4,99,99,99,4,4,4,4,4,2,5,99,5,3,1,2,4,2,99,2,3,4,3,47,1
3,2,4,4,4,4,4,4,3,4,4,4,4,4,4,3,4,4,3,3,4,3,4,3,5,3,4,5,4,3,3,4,4,3,4,3,2,5,4,5,2,1,3,3,4,3,1,4,4,31,1
2,1,5,5,4,4,3,4,2,3,3,4,3,5,4,3,3,5,1,4,2,2,4,4,3,1,3,4,5,4,3,3,4,2,4,3,2,5,4,5,3,2,3,2,5,1,3,3,3,38,2
4,1,5,5,4,4,4,5,4,5,3,4,4,5,5,4,5,4,2,5,5,1,5,4,5,4,4,5,5,5,4,5,4,2,4,3,4,5,4,4,4,1,3,2,4,2,2,3,2,37,1
4,1,4,5,4,5,3,5,4,4,5,4,5,4,5,4,5,5,2,3,5,2,5,5,5,4,4,5,5,4,5,3,2,3,4,3,2,4,3,4,3,99,4,2,4,1,3,2,4,29,2
3,1,3,4,4,4,3,4,2,4,5,3,4,3,4,3,4,4,2,3,4,2,4,3,2,2,4,4,3,4,2,3,4,3,5,4,2,5,4,5,3,1,5,3,5,1,4,3,2,43,2
4,2,5,4,4,4,3,3,3,4,3,3,3,5,3,3,4,5,3,3,5,3,5,4,4,3,3,4,4,5,3,5,4,4,4,4,2,3,5,4,3,2,3,3,4,3,4,3,4,52,2
5,1,5,5,3,5,4,5,5,5,5,5,1,5,5,5,5,5,1,5,5,1,5,5,5,4,5,5,5,5,3,5,1,1,1,3,2,2,2,4,5,1,1,4,5,1,1,5,2,54,1
2,1,4,4,4,2,4,3,4,3,4,99,4,99,5,3,2,3,1,99,99,2,5,4,99,5,2,99,3,2,2,99,2,5,2,4,4,4,99,5,5,1,2,1,3,1,99,99,3,37,1
4,2,4,4,3,4,3,3,3,3,3,3,3,4,4,3,3,4,3,3,4,2,4,4,3,3,4,4,4,4,3,4,3,3,3,2,4,3,3,3,3,3,3,2,4,3,3,3,4,43,1
4,2,4,4,4,4,4,4,3,4,4,4,4,4,4,4,4,3,2,3,5,2,4,3,4,1,3,4,3,4,3,3,99,5,4,2,3,99,4,4,2,1,3,1,99,1,1,2,2,40,2
4,1,4,4,4,4,2,4,4,5,4,4,4,4,2,3,4,4,2,4,4,2,4,4,4,4,4,5,4,4,3,5,4,5,4,2,3,5,4,2,2,1,4,1,4,1,3,3,2,39,2
1,3,1,4,3,5,2,1,1,3,1,3,2,1,1,1,3,2,3,1,1,4,1,3,1,1,3,3,4,3,2,1,4,4,5,4,4,2,3,5,3,1,5,1,5,1,5,1,3,35,1
4,2,4,3,4,4,4,4,3,4,4,4,4,4,2,4,4,3,2,3,4,2,4,4,4,3,4,4,3,4,4,4,2,4,3,2,4,4,3,3,2,2,4,3,4,2,2,4,2,53,1
3,2,4,4,99,5,5,5,5,5,5,5,5,5,5,5,5,4,2,5,4,4,5,5,4,4,5,5,5,5,3,3,5,1,4,1,4,5,2,5,5,1,4,1,5,1,4,4,2,45,1
5,1,5,4,5,4,3,4,4,4,4,5,4,4,5,3,3,5,1,5,5,1,5,5,5,4,5,5,5,5,3,4,5,5,5,1,1,5,5,5,1,1,5,3,5,1,5,3,1,27,2
4,2,4,4,4,4,4,4,4,4,99,4,4,4,4,4,5,4,2,4,4,2,4,5,3,4,99,4,5,5,4,3,5,3,4,3,3,5,4,5,2,3,4,3,4,3,4,3,2,40,2
3,1,5,4,4,5,4,5,4,4,5,4,4,4,5,4,5,4,3,4,5,3,5,5,4,3,4,5,4,5,5,3,5,4,4,3,3,5,3,5,2,1,5,1,5,1,3,3,5,35,1
4,3,4,4,4,4,4,4,4,3,4,4,4,4,4,4,4,4,3,4,4,3,4,4,4,3,4,3,4,4,3,4,3,4,4,3,3,5,4,4,4,3,4,4,4,3,4,4,4,45,1
5,1,5,5,5,5,5,4,4,5,5,5,5,5,5,5,5,4,1,5,5,1,5,3,4,4,5,5,5,5,5,5,5,5,5,3,1,5,5,5,1,1,5,3,5,3,4,5,4,59,1
4,1,99,5,5,99,5,99,5,99,99,99,5,99,5,5,99,5,1,99,99,1,99,99,99,3,5,99,99,99,5,99,3,5,5,5,5,5,99,99,2,1,5,4,99,4,4,4,99,43,1
4,1,4,5,5,5,5,5,5,5,5,5,5,5,5,4,5,4,99,5,5,1,5,3,5,3,5,5,5,5,3,3,4,2,4,1,3,4,3,5,3,1,5,2,4,1,5,3,2,42,2
4,2,4,4,3,5,4,4,5,5,3,4,3,5,3,3,4,5,4,5,4,3,3,3,3,4,4,5,4,4,4,5,5,5,5,3,3,5,5,4,4,3,4,3,4,4,5,5,4,33,1
5,2,4,4,3,4,4,4,4,4,4,4,4,4,4,3,4,4,2,4,4,2,5,4,4,3,4,4,4,5,5,4,3,3,2,3,3,2,2,2,4,3,2,3,2,3,3,3,2,67,1
4,2,4,4,4,4,3,4,4,5,4,4,4,5,4,3,4,4,5,5,4,1,4,4,4,4,4,5,4,4,4,5,2,4,4,2,2,2,4,4,3,1,4,1,4,1,4,4,1,41,2
4,2,4,5,5,5,4,4,4,4,4,4,4,3,4,4,4,4,2,4,4,2,5,3,4,4,4,4,4,5,3,4,5,3,4,3,3,4,4,4,3,2,4,3,4,3,3,4,4,41,1
4,3,4,4,2,4,3,4,4,4,4,4,4,4,4,3,2,2,99,4,4,3,4,3,2,3,3,4,4,4,3,4,1,2,2,1,5,4,2,4,4,1,3,3,4,1,1,1,1,34,2
4,2,4,4,5,4,2,99,4,3,3,5,4,3,4,3,2,4,2,4,5,1,4,4,4,3,4,5,4,4,3,4,2,2,2,3,4,4,2,1,4,1,3,3,4,2,2,4,4,48,1
5,1,5,5,2,2,3,4,5,4,2,4,5,4,2,4,4,4,2,4,5,2,4,4,4,3,4,4,4,4,4,5,4,5,4,1,4,4,5,4,2,1,4,1,5,1,3,4,3,43,2
5,1,5,4,5,5,5,4,5,4,4,5,4,5,4,4,5,5,1,5,5,1,5,4,5,4,4,5,5,5,5,5,4,4,4,3,2,5,5,4,2,1,4,1,5,1,2,3,3,33,1
3,1,4,4,4,4,4,4,4,3,5,5,4,4,4,3,4,4,3,3,4,3,4,4,4,2,4,5,4,5,4,4,5,3,2,2,3,2,2,4,3,1,4,1,4,1,4,3,5,35,1
3,2,4,2,4,4,2,4,2,3,4,4,2,4,3,4,4,4,99,3,4,2,3,2,3,3,3,4,3,3,3,3,4,2,3,3,3,4,2,4,4,2,4,2,4,2,2,4,2,29,1
3,3,3,4,3,5,4,4,3,3,4,5,4,4,4,4,4,4,4,4,5,2,4,4,3,4,4,5,3,5,4,3,4,3,4,2,5,5,4,4,5,2,4,4,4,2,3,2,4,28,1
4,1,5,5,5,5,4,5,5,4,4,5,5,5,5,4,4,4,2,4,4,2,5,5,4,4,5,5,5,5,5,4,5,3,4,3,2,4,4,4,2,1,5,2,5,1,5,5,4,21,1
1,2,3,3,3,4,4,4,3,3,3,4,3,4,3,3,4,4,99,2,4,3,3,4,2,2,2,4,4,4,2,2,3,3,3,1,4,4,1,2,3,1,1,1,2,1,1,3,2,45,1
4,4,4,4,4,4,3,5,3,3,4,3,3,4,2,3,3,4,3,5,5,3,3,4,3,3,4,4,4,4,3,4,4,5,5,4,4,4,5,4,4,4,4,3,5,4,5,4,4,23,1
5,1,4,4,4,5,4,5,3,4,3,4,4,4,5,3,5,4,2,4,5,1,5,5,5,2,4,5,4,4,3,2,3,5,3,2,2,4,5,4,2,2,5,2,4,2,2,3,4,40,1
4,1,5,5,4,4,4,99,4,4,5,4,4,4,4,3,4,3,2,3,5,1,4,4,4,4,4,5,4,5,3,4,5,4,4,3,2,2,4,3,3,2,4,3,5,2,2,2,3,34,1
5,1,5,5,4,4,5,4,99,5,5,5,5,5,5,5,5,5,1,5,5,1,4,4,4,4,4,5,5,4,5,5,5,5,5,3,1,5,5,5,1,99,4,3,5,3,3,5,4,50,2
5,1,4,2,5,4,5,4,4,5,5,5,4,5,5,4,4,5,1,5,5,1,5,4,5,5,3,3,5,5,1,5,4,4,4,5,5,4,5,5,1,1,5,4,4,1,5,4,4,36,2
2,4,3,3,3,3,4,5,4,3,3,1,99,2,4,2,4,2,3,2,4,4,2,4,4,2,4,4,4,4,5,2,4,4,3,4,3,2,4,5,3,1,5,2,3,1,4,2,4,57,1
4,3,5,5,5,5,99,99,5,4,5,3,5,4,4,2,4,4,3,3,4,5,4,4,4,4,4,99,4,99,3,4,2,2,4,2,4,99,5,1,5,1,5,1,99,1,99,99,2,25,1
5,2,4,5,4,5,5,5,4,5,99,4,4,5,4,4,99,4,2,4,99,2,4,4,4,5,4,5,4,5,4,5,4,5,5,4,2,5,4,4,2,2,4,3,4,3,4,3,4,51,2
4,2,4,4,4,4,4,4,3,4,3,3,4,3,4,3,4,4,4,4,4,2,3,4,4,3,3,4,4,4,3,3,4,3,3,2,2,3,3,3,2,3,4,3,4,3,4,4,4,27,2
4,5,5,4,4,4,3,5,4,5,4,4,4,4,4,4,5,4,2,4,5,2,5,5,4,4,4,5,5,4,4,5,4,4,5,5,4,5,5,5,5,1,5,1,99,2,3,4,5,41,1
4,4,4,4,5,4,5,5,5,5,5,4,5,4,5,5,4,4,5,5,5,1,4,4,5,5,5,5,5,5,4,4,5,5,5,5,4,5,5,5,4,5,4,5,4,5,2,5,5,41,2
4,99,5,99,5,4,5,5,5,5,5,99,5,5,4,5,4,99,5,5,99,1,5,4,5,4,99,5,4,5,5,5,5,5,4,99,5,5,5,5,4,5,5,4,5,4,2,5,5,47,2
3,1,4,4,4,4,4,4,4,4,5,4,5,4,5,3,4,4,1,4,5,2,4,4,5,99,4,4,4,5,4,3,2,3,4,2,4,5,4,4,2,4,4,3,4,2,2,3,3,35,2
5,2,5,4,4,4,3,5,5,4,4,4,4,5,4,4,4,5,1,5,5,1,5,5,5,4,4,4,4,5,4,4,4,4,4,2,2,5,5,5,2,1,5,3,5,2,2,3,4,35,1
3,2,3,3,3,3,3,4,3,4,4,3,4,4,3,3,4,3,3,3,3,3,4,3,4,3,3,4,3,4,3,3,3,3,3,3,3,3,3,3,3,1,3,2,4,3,2,3,2,39,2
5,99,5,5,4,5,5,5,4,5,5,4,4,5,5,99,5,5,5,99,5,1,4,4,5,5,5,99,5,4,99,99,5,5,99,99,4,4,4,4,4,1,99,5,99,4,3,4,5,44,1
